adresat;rodzaj;przypis;dzieło;szczegóły
redakcja;nota o przekładzie (S1);;pierwodruk: On_Culture 10 (2020), URN urn:nbn:de:hebis:26-opus-160255;"Licencja CC BY 4.0 do potwierdzenia na stronie repozytorium (MB-decisions D20 A2); pierwodruk bez noty o prawach autorskich (nota bez ©); brak zakresu stron (publikacja online, PDF 23 s.): bez stron czy „s. 1–23”?"
redakcja;cytat — wydanie polskie / oryginał do ustalenia (S2);1;O. Decker i in., Die Leipziger Autoritarismus-Studie 2018;"Pozycje kwestionariusza przełożone z niemieckiego według komunikatu autorów badania (Uniklinikum Leipzig, 07.11.2018; Zentralrat): „Ich hätte Probleme damit, wenn sich Sinti und Roma in meiner Gegend aufhalten”, „Sinti und Roma neigen zur Kriminalität”. Sprawdzić brzmienie w książce, s. 102–103 (open access)."
redakcja;cytat — wydanie polskie / oryginał do ustalenia (S3);14;K. Röttgers, Kants Zigeuner, „Kant-Studien” 1997, s. 63;"„very striking repression of knowledge” (przekład autorki): oryginał niemiecki niedostępny (płatny dostęp De Gruyter); w tekście przekład z angielskiego z adnotacją. Po odnalezieniu: przekład z niemieckiego, adnotacja do usunięcia."
redakcja;cytat — wydanie polskie / oryginał do ustalenia (S4);31;C. Geulen, wykład „Rasse” und „Rassismus” (2020);"„more racist”: przekład z angielskiego autorki, z adnotacją; oryginalne sformułowanie i data wykładu do odczytania w przeglądarce (D20: kontrola botów)."
redakcja;cytat — wydanie polskie / oryginał do ustalenia (S5);32;I. Kant, Antropologia w ujęciu pragmatycznym, tłum. E. Drzazgowska, P. Sosnowska, IFiS PAN 2005;"Cytat blokowy (AA VII 324–325): w tekście przekład roboczy z niemieckiego; brzmienie i strona wydania polskiego. Po ustaleniu: wpis do tittel_refs_tlum.json i odesłanie po średniku (Kanon § 12.2.4 a)."
redakcja;cytat — wydanie polskie / oryginał do ustalenia (S6);39;I. Kant, O różnorodnych rasach ludzkich, w: Pisma przedkrytyczne (Dzieła zebrane, t. 1), WN UMK 2010, s. 859 i n.;"„oliwkowożółta barwa skóry Indusa”, „prawdziwa barwa cygańska” (AA II 439): brzmienie i strona; także jak przekład oddaje „Indianer”."
redakcja;cytat — wydanie polskie / oryginał do ustalenia (S7);40;"I. Kant, Religia w obrębie samego rozumu, tłum. A. Bobko (Znak 1993; Dzieła zebrane, t. 5, WN UMK 2011)";„Hindusi”, „pariasi” (AA VI 136–137, przyp.): formy i strona wydania polskiego.
redakcja;cytat — wydanie polskie / oryginał do ustalenia (S8);42;I. Kant, Określenie pojęcia rasy ludzkiej, w: Pisma po roku 1781 (Dzieła zebrane, t. 6), WN UMK 2012, s. 99 i n.;"Cytat blokowy (AA VIII 105): w tekście przekład roboczy z niemieckiego; brzmienie i strona."
redakcja;cytat — wydanie polskie / oryginał do ustalenia (S9);43;I. Kant, O użytku zasad teleologicznych w filozofii, w: Pisma po roku 1781 (Dzieła zebrane, t. 6), s. 161 i n.;"Cytat blokowy (AA VIII 172) i cytat w przyp. 44 (AA VIII 174): w tekście przekład roboczy z niemieckiego; brzmienie i strony."
redakcja;cytat — wydanie polskie / oryginał do ustalenia (S10);49;K. Marks, F. Engels, Dzieła, t. 23: Kapitał, t. 1, KiW 1968;"Cytaty z MEW 23 w przyp. 49, 54, 65, 71, 74, 75, 76, 77: w tekście przekład roboczy z niemieckiego; brzmienie i strony wydania polskiego; także tytuły rozdziałów 23 i 24 w Dziełach."
redakcja;cytat — wydanie polskie / oryginał do ustalenia (S11);52;K. Marks, F. Engels, Dzieła, t. 3 (Ideologia niemiecka), KiW 1961/1975;"„okres włóczęgostwa” (MEW 3, s. 56): brzmienie i strona; tekstu niemieckiego nie udało się sprawdzić."
redakcja;cytat — wydanie polskie / oryginał do ustalenia (S12);55;K. Marks, Zarys krytyki ekonomii politycznej, KiW 1986;"Cytat z MEW 42, s. 631: w tekście przekład roboczy z angielskiego autorki; brzmienie i strona wydania polskiego."
autor;błąd w oryginale — do decyzji;49;K. Marx, Das Kapital, Bd. 1 (MEW 23);"Autorka podaje s. 743; cytowany fragment („In einer längst verfloßnen Zeit…”, ang. „two sorts of people”) jest w MEW 23 na s. 741 (pierwsza strona rozdz. 24). Odsyłacz w przekładzie bez zmian do decyzji; przy cytacie i tak podana zostanie strona wydania polskiego."
autor;błąd w oryginale — do decyzji;35;—;"Tekst przed przyp. 35: „connected to linguistic studies in the 1870s/-80s”. Wcześniej (przed przyp. 21) autorka pisze, że teoria językowa zyskała popularność w latach 80. XVIII w. (Büttner 1771, Rüdiger 1782, Grellmann 1783): zapewne pomyłka zamiast „1770s/-80s”. W przekładzie jak w oryginale („w latach 70. i 80. XIX wieku”); po potwierdzeniu – „XVIII wieku”."
autor;niejednoznaczność oryginału — pytanie do autora;85;—;Tekst przed przyp. 85: „a meeting of the princes and rulers of the Swabian district within Wurttemberg” – Szwabski Okręg Rzeszy obejmował wiele terytoriów (sejmik w Ulm), nie leżał „w obrębie” Wirtembergii. Czy chodzi o okręg, do którego należała Wirtembergia? W przekładzie dosłownie.
autor;niejednoznaczność oryginału — pytanie do autora;98;—;Tekst po przyp. 98: „defended by German courts until 1962” – zmianę stanowiska Federalnego Trybunału Sprawiedliwości datuje się zwykle na orzeczenie z 18.12.1963 (nie sprawdzone w dwóch źródłach). Prośba o potwierdzenie daty.
redakcja;termin do rozstrzygnięcia;1;—;"Ang. “gypsy/gypsies” autorki (w cudzysłowie, małą literą): w przekładzie „Cygan”, „Cyganie”, „cygański” w cudzysłowie, wielką literą, z przypisem tłumacza t1 (Kanon § 6.1, § 12.2.6; jak Ostendorf). Alternatywa: mała litera („cyganie”) jako znak kategorii, nie etnonimu. Pierwsze wystąpienie w funkcji: termin autorki."
redakcja;termin do rozstrzygnięcia;39;—;"Ang. gypsy w cytatach (§ 12.2.6, pierwsze wystąpienia w funkcji cytatu): Kant „prawdziwa barwa cygańska” (przyp. 39), „przebywający wśród nas Cyganie” (przyp. 42); Marks „urok cygańskiego życia” (przyp. 71, przypis tłumacza t2: w niemieckim „Zigeunertum”); edykty wirtemberskie „Cyganie”, „przeklęta cygańska hołota” (przyp. 81, 87) – bez cudzysłowu, bez łagodzenia."
redakcja;termin do rozstrzygnięcia;37;—;"Kant „Indier”, „Indianer” = mieszkańcy Indii: w przekładzie „Indusi” (współczesne „Hindusi” ma odcień religijny; Kant osobno mówi o „Hindus”). Do potwierdzenia z tłumaczeniem UMK."
redakcja;termin do rozstrzygnięcia;46;—;"„vagrancy and vagabondage”: polszczyzna ma jedno słowo – „włóczęgostwo (vagrancy, vagabondage)” przy pierwszym wystąpieniu, dalej „włóczęgostwo”; vagabond/vagrant – „włóczęga”."
redakcja;termin do rozstrzygnięcia;74;—;"Marks: gang-system, gang, gang-master – „system band”, „gang/banda”, „przodownik bandy”; do ujednolicenia z Dziełami, t. 23."
redakcja;termin do rozstrzygnięcia;98;—;"„so-called poverty migration” (niem. Armutsmigration) – „tak zwana „migracja ubóstwa”” (alt. „migracja z biedy”); „anti-socials” – „aspołeczni”; „illegalized immigrants” (przed przyp. 100) – „imigranci zepchnięci w nielegalność”."
redakcja;termin do rozstrzygnięcia;98;—;„Porrajmos” autorki – w przekładzie „Porajmos” (Kanon § 6.1).
redakcja;pominięcie w przekładzie (§ 12.2.8) – do decyzji;37;—;„(my translation)” autorki pominięte w przyp. 37, 81 (także „as will be the following”), 95: przekład polski powstał z podanego przez autorkę oryginału niemieckiego, więc uwaga o jej przekładzie angielskim nie dotyczy tekstu polskiego. W przyp. 14 zastąpione adnotacją „tłum. z przekładu angielskiego autorki”. Alternatywa: zachować „(przekład autorki)” wszędzie.
redakcja;pominięcie w przekładzie (§ 12.2.8) – do decyzji;49;—;"„(hereafter abbreviated as MEW 23)” pominięte zgodnie z rekomendacją srom-typeset (MB-decisions D20 A4; komentarz w tekście zostaje). Dodany nawias tłumacza: cytaty z Marksa według wydań polskich (Dzieła, t. 3, 23; Zarys krytyki ekonomii politycznej)."
redakcja;informacja;18;—;„Berliner Monatsschrift” w tekście (przyp. 18: „Berlinische Monatsschrift”) – w przekładzie jak w oryginale, do decyzji MB w D20 B5 (srom-typeset proponuje poprawny tytuł).
