sortuj	osoba	orcid	afiliacja	nota	kontakt	zrodlo	uwagi
Avin	Agneška Avin		Uniwersytet Jagielloński w Krakowie	Agneška Avin – absolwentka kulturoznawstwa i studiów amerykanistycznych na Uniwersytecie Jagiellońskim. Głównym jej zainteresowaniem jest etniczność, edukacja wielokulturowa i wieloetniczna, wspólnoty romskie poza kontynentem Europy, szczególnie w Ameryce Łacińskiej i Ameryce Północnej.	zaliasdramblys@yahoo.com	Authors INFO (t. 1–18)	
Baar	Dr Huub van Baar	https://orcid.org/0000-0001-6632-5885	Szkoła Analizy Kulturowej, Wydział Humanistyczny Uniwersytetu w Amsterdamie / Justus-Liebig-Universität Gießen	Dr Huub van Baar – zawodowo jest związany ze Szkołą Analizy Kulturowej na Wydziale Humanistycznym Uniwersytetu w Amsterdamie oraz Justus-Liebig-Universität Gießen w Niemczech. Publikował na temat praktyk romskiej pamięci, romskiej komunikacji międzynarodowej oraz europejskich praktyk rządowych na rzecz mniejszości. Zajmuje się głównie analizą przeszłych i teraźniejszych działań rządowych na rzecz Romów oraz ich wpływem na różne postrzeganie Europy oraz zagadnieniem pamięci.	H.J.M.vanBaar@uva.nl	Authors INFO (t. 1–18); ORCID: kopia DataChief (25.07.2026), nazwisko zgodne z rekordem ORCID 30.09.2026	
Barczewska	Arletta Barczewska		Wydział Prawa i Administracji Uniwersytetu Jagiellońskiego	Arletta Barczewska, magister nauk prawnych, doktorantka na Wydziale Prawa i Administracji Uniwersytetu Jagiellońskiego.	arletta.b@interia.pl	Authors INFO (t. 1–18)	
Bartosz	Adam Bartosz	https://orcid.org/0009-0000-1207-761X	Muzeum Okręgowe w Tarnowie (Muzeum Ziemi Tarnowskiej)	Adam Bartosz, antropolog, muzeolog, wieloletni dyrektor Muzeum Okręgowego w Tarnowie, twórca pierwszej na świecie stałej wystawy poświęconej historii i kulturze Romów w Muzeum Etnograficznym w Tarnowie. Autor publikacji cyganologicznych, projektów związanych z kulturą romską i żydowska.	adam@muzeum.tarnow.pl	Authors INFO (t. 1–18)	
Bijak	Dr Bartosz Bijak		Oddziałowe Biuro Upamiętniania Walk i Męczeństwa Instytutu Pamięci Narodowej w Łodzi	Dr Bartosz Bijak – absolwent etnologii i historii na Uniwersytecie Łódzkim. Naczelnik Oddziałowego Biura Upamiętniania Walk i Męczeństwa Instytutu Pamięci Narodowej w Łodzi. Autor publikacji naukowych i popularnonaukowych z zakresu historii lokalnej na łamach m.in.: „Rocznika Łódzkiego”, „Zeszytów Wiejskich”, „Notatek Płockich”, „Studiów Romologica”, „Zeszytów Radomszczańskich”, „Spotkań z Zabytkami”, „Odkrywcy”. Twórca strony internetowej poświęconej wiejskim cmentarzom ewangelickim na terenie województwa łódzkiego (www.cmentarzeewangelickie-lodzkie.pl).		Authors INFO (t. 1–18)	
Bodorová	Dr Oľga Bodorová		Muzeum Gemersko-malohontskie w Rimawskiej Sobocie	Dr Oľga Bodorová, PhDr., etnolog, dyrektor muzeum. Jest absolwentką wydziału etnologii na Uniwersytecie Comeniusa w Bratysławie, od 1975 roku pracuje w Muzeum Gemersko-malohontskim w Rimawskiej Sobocie i od 1999 roku jest jego dyrektorem. Od 1996 roku muzeum specjalizuje się w dokumentacji kultury romskiej. Jest autorką prac z działu etnologii, w szczególności z tematyki rzemiosła artystycznego i zwłaszcza jest zainteresowana tradycyjną ceramiką z regionu Gemer-Malohont, kulturą Romów i historią miasta Rimavská Sobota. Zajmuje się kulturą materialną Romów w regionie: Ľudová architektúra a spôsob bývania Rómov (2001) i Rómska kultúra (2010). Jest autorką publikacji Rimavská Sobota na starých pohľadniciach (2008). Podczas pracy w muzeum w spółpracy z kolegami przygotowała 40 wystaw poświęconych kulturze Romów, z których wiele zostało zaprezentowanych za granicą.	director@gmmuzeum.sk	Authors INFO (t. 1–18)	
Bylica	Dr hab. Jacek Bylica	https://orcid.org/0000-0003-4680-0233	Zakład Profilaktyki Społecznej i Resocjalizacji Instytutu Pedagogiki Uniwersytetu Jagiellońskiego w Krakowie	Dr hab. Jacek Bylica – pracuje na stanowisku adiunkta w Zakładzie Profilaktyki Społecznej i Resocjalizacji Instytutu Pedagogiki Uniwersytetu Jagiellońskiego w Krakowie. W kadencji 2024–2028 pełni funkcję dyrektora Instytutu Pedagogiki UJ. W latach 2003–2009 był Pełnomocnikiem Burmistrza.	jacek.bylica@uj.edu.pl	Authors INFO (t. 1–18)	
Charchuła	Dr Jarosław Charchuła	https://orcid.org/0000-0002-8470-7374	Wyższa Szkoła Filozoficzno-Pedagogiczna Ignatianum w Krakowie	Dr jarosław Charchuła, jezuita, doktor socjologii, filozof. Związany z Wyższą Szkołą Filozoficzno-Pedagogiczną Ignatianum w Krakowie. W latach 2004-2010 zaangażowany w Jezuickie Duszpasterstwo Romów w Krakowie – dzięki czemu miał okazję współpracować ze społecznością romską na terenie Małopolski. Obecnie odbywa studia w Universidad Pontificia Comillas w Madrycie.	jarekcharchula@gmail.com	Authors INFO (t. 1–18); ORCID: kopia DataChief (25.07.2026), nazwisko zgodne z rekordem ORCID 30.09.2026	mała litera po „Dr” w nocie (jak w źródle)
Chiriac	Dr Chiriac Bogdan		Niezależny badacz z Jassów, Rumunia	Chiriac Bogdan – niezależny badacz z Jassów w Rumunii, zajmujący się historią współczesną i nowożytną Rumunii. Ukończył studia podyplomowe na Central European University w Budapeszcie, gdzie zdobył tytuł magistra w dziedzinie badań nad nacjonalizmem (2008) oraz tytuł doktora w dziedzinie historii porównawczej (2017). Brał udział w kilku projektach badawczych, koncentrujących się na studiach nad Holokaustem oraz historią Romów we współczesnej Rumunii.	bchiriac21@gmail.com	Authors INFO (t. 1–18)	kolejność imię/nazwisko niepewna (Bogdan Chiriac?); klucz sortowania do potwierdzenia
Czapek	Anna Czapek		Uniwersytet Pedagogiczny w Krakowie / Uniwersytet Śląski	Anna Czapek, etnolog po Uniwersytecie Śląskim, absolwentka studiów Sytuacja Romów w Polsce – historia, prawo, kultura, stereotypy etniczne na Uniwersytecie Pedagogicznym w Krakowie. Wspólnie z Piotrem Mojżyszkiem zajmuje się projektem Opowiadamy o świecie, polegającym na prowadzeniu badań etnograficznych i realizowaniu reportaży fotograficznych oraz filmów dokumentalnych z podróży.	aniaczapek@gazeta.pl	Authors INFO (t. 1–18)	
Davidová	Dr Eva Davidová		Instytut Socjologii Czeskiej Akademii Nauk / Muzeum Romskiej Kultury w Brnie	Dr eva Davidová jest jednym z najbardziej znanych romologów w Czechach i na Słowacji oraz etnologiem i historykiem sztuki. Specjalizuje się w badaniach nad mniejszościami, zwłaszcza stylem życia i kulturą Cyganów/Romów, którymi zajmuje się od studiów, aż po dziś dzień. Pracowała m.in. w Instytucie Socjologii Czeskiej Akademii Nauk w Pradze, w Muzeum w Českým Krumlovie i w Muzeum Romskiej Kultury w Brnie, którego jest współzałożycielką. Swoje wykłady dotyczące Romów prowadziła na większość uniwersytetów w Czechach i na Słowacji. Jest autorką setek artykułów romologicznych oraz unikatowych fotografii, dokumentujących Romów i historyczne wydarzenia z nimi związane. Od połowy lat 50. uzupełnia własną, prywatną kolekcję artefaktów romskich z Czech i Słowacji.	eva.davidova@quick.cz	Authors INFO (t. 1–18)	mała litera po „Dr” w nocie (jak w źródle)
Eysymontt	Dr hab. Rafał Eysymontt		Zakład Sztuki Średniowiecznej i Pradziejowej Instytutu Historii Sztuki Uniwersytetu Wrocławskiego	Dr hab. Rafał Eysymontt, historyk sztuki, specjalizuje się w problematyce urbanistycznej, architektonicznej i konserwatorskiej. Obecnie pracuje na stanowisku profesora w Zakładzie Sztuki Średniowiecznej i Pradziejowej Instytutu Historii Sztuki Uniwersytetu Wrocławskiego. Autor licznych prac dotyczących problematyki urbanistycznej, architektonicznej i konserwatorskiej a także prac popularnonaukowych. Prowadzi też badania architektoniczne i nadzoruje prace konserwatorskie w dziedzinie architektury historycznej.	eysymont@uni.wroc.pl	Authors INFO (t. 1–18)	
Formanowicz	Dr Magdalena Formanowicz	https://orcid.org/0000-0001-5859-7100	Szkoła Wyższa Psychologii Społecznej w Warszawie	Dr Magdalena Formanowicz, psycholog, mediatorka. Zajmuje się metodologią oraz analizami jakościowymi i ilościowymi. Adiunkt SWPS w Warszawie. Obecnie pracuje naukowo w Szwajcarii.		Authors INFO (t. 1–18); ORCID: kopia DataChief (25.07.2026), nazwisko zgodne z rekordem ORCID 30.09.2026	
Fotta	Martin Fotta	https://orcid.org/0000-0002-3037-317X	Institute of Ethnology and Social Anthropology, Slovak Academy of Sciences	Starszy pracownik naukowy w Zakładzie Mobilności i Migracji Instytutu Etnologii Czeskiej Akademii Nauk oraz kierownik projektu Romani Atlantic. Wykładał na University of Kent oraz odbył staż podoktorski na Uniwersytecie Goethego we Frankfurcie. Stopień doktora uzyskał na uczelni Goldsmiths (University of London). Owocem jego badań wśród Romów z grupy Calon w Brazylii jest monografia From Itinerant Trade to Moneylending in the Era of Financial Inclusion. Jest współredaktorem dwóch prac zbiorowych... W ramach projektu Romani Atlantic prowadzi badania archiwalne i etnograficzne w czterech obszarach luzofońskiego Atlantyku.		Authors INFO (t. 1–18); nota: dane okładki nr 18	afiliacja w rejestrze (Słowacka AN) ≠ nr 18 (Instytut Etnologii Czeskiej AN); nota z nr 18 (brak w rejestrze)
Gancarz	Natalia Gancarz	https://orcid.org/0009-0008-9717-0677	Muzeum Okręgowe w Tarnowie / Muzeum Ziemi Tarnowskiej	Natalia Gancarz – etnolog, zajmuje się między innymi tematyką upamiętniania zagłady Romów w czasie II wojny światowej. Autorka szeregu opracowań, w tym Na bister/Nie zapomnij/ Do not Forget (Tarnów 2020), będącego rejestrem ponad 250 upamiętnień na terenie Europy.	natalia@muzeum.tarnow.pl	Authors INFO (t. 1–18)	
Gaunt	Prof. David Gaunt	https://orcid.org/0000-0001-8211-1633	Uniwersytet w Uppsali	Prof. David Gaunt, ur. 1944, doktorat z historii na Uniwersytecie w Uppsali. Członek redakcji pism Social History i Genocide Studies International. Członek Academia Europaea. Autor i redaktor książek i artykułów o zbiorowej przemocy wobec Żydów, Asyryjczyków, Ormian i Kurdów w Europie Wschodniej i na Bliskim Wschodzie. Jego najnowszą publikacją jest Let them Not Return. Sayfo – The Genocide against the Assyrian, Syriac and Chaldean Christians in the Ottoman Empire (Berghahn 2017).		Authors INFO (t. 1–18); ORCID: kopia DataChief (25.07.2026), nazwisko zgodne z rekordem ORCID 30.09.2026	
Georgieva	Dr Nadezhda Georgieva	https://orcid.org/0000-0002-9968-198X	OSCE Contact Point for Roma and Sinti Issues (CPRSI)	Dr Nadezhda Georgieva, filolog angielski, kulturoznawca. Uczestniczyła w badaniach prowadzonych przez OSCE Contact Point for Roma and Sinti Issues (CPRSI) w Warszawie. Zajmuje się Romami, mniejszościami etnicznymi, nacjonalizmem, emancypacją kulturową, tożsamościami hybrydycznymi i mediami. Obecnie mieszka w Starej Zagorze (Bułgaria).	nadyageorgieva@yahoo.com	Authors INFO (t. 1–18); ORCID: kopia DataChief (25.07.2026), nazwisko zgodne z rekordem ORCID 30.09.2026	
Gierczyk	Julia Pelagia Gierczyk		Uniwersytet im. Adama Mickiewicza w Poznaniu / Roma Support Group (Londyn)	Julia Pelagia Gierczyk, absolwentka filmoznawstwa na Uniwersytecie im. Adama Mickiewicza w Poznaniu. Interesuje się wpływem mediów na obraz rzeczywistości oraz badanie podświadomych lęków odzwierciedlanych w sztuce. Wieloletnia działaczka oraz wolontariuszka w organizacjach pozarządowych w Polsce i zagranicą, związana z londyńską Roma Support Group.	juliagierczyk@gmail.com	Authors INFO (t. 1–18)	
Godlewska-Goska	Dr Marta Godlewska-Goska	https://orcid.org/0009-0003-4787-6544	Instytut Etnologii i Antropologii Kulturowej Uniwersytetu Warszawskiego	Dr Marta Godlewska-Goska, antropolożka związana z Instytutem Etnologii i Antropologii Kulturowej Uniwersytetu Warszawskiego. Prowadziła wieloletnie badania wśród Polskich Romów, Lowarów i Kełderaszów mieszkających w Polsce, koncentrując się na kwestii konstruowaniu kobiecości i romskości u Romów.	m.godlewska-goska@wp.pl	Authors INFO (t. 1–18); ORCID: kopia DataChief (25.07.2026), nazwisko zgodne z rekordem ORCID 30.09.2026	
Gontarek	Dr Alicja Gontarek	https://orcid.org/0000-0003-1556-1954	Uniwersytet Marii Curie-Skłodowskiej / Instytut Pamięci Narodowej	Dr Alicja Gontarek – adiunkt w Katedrze Historii Społecznej i Edukacji Instytutu Historii Uniwersytetu Marii Curie-Skłodowskiej w Lublinie. Zajmuje się stosunkami etnicznymi w XX w., ze szczególnym uwzględnieniem historii Romów, Żydów i relacji polsko-żydowskich na ziemiach polskich. Autorka licznych artykułów poświęconych królewskiej rodzinie Kwieków, uczestnik polskich i międzynarodowych projektów/grantów naukowych poświęconych Romom i Żydom w okresie międzywojennym.	alicja.gontarek@mail.umcs.pl	Authors INFO (t. 1–18)	
Granqvist	Prof. Kimmo Granqvist		Uniwersytet Södertörn w Sztokholmie / Uniwersytet w Helsinkach	Prof. Kimmo Granqvist, od 2017 profesorem romologii na Uniwersytecie Södertörn w Sztokholmie. Od 2012 pracuje także jako wykładowca uniwersytecki w Instytucie Studiów Fińskich, Ugrofińskich i Skandynawskich na Uniwersytecie w Helsinkach, prowadząc badania i wykładając na temat języka i kultury Romów. Jest autorem szeregu monografii dotyczących romani i współczesnej greki, jak również 70 artykułów naukowych i popularno-naukowych oraz ponad 70 wystąpień konferencyjnych. Od 2018 obejmuje funkcję redaktora naczelnego „Romani Studies”, pisma publikowanego przez Gypsy Lore Society.		Authors INFO (t. 1–18)	
Harte	Jeremy Harte	https://orcid.org/0009-0006-3003-2371	Muzeum Bourne Hall w Epsom & Ewell / Surrey Gypsy Traveller Community Forum	Jeremy Harte, kurator Muzeum Bourne Hall w Epsom & Ewell, gdzie od dwudziestu lat bada i prezentuje historię Cyganów. Od 2005 roku jest współorganizatorem Miesiąca Historii Romskich Wędrowców (Roma Gypsy Traveller History Month) w Surrey. Współpracował z przywódcami społeczności, tworząc Surrey Gypsy Archive i jest sekretarzem Surrey Gypsy Traveller Community Forum. Jego poprzednie publikacje obejmują kilka lokalnych badań historycznych i nagradzane prace folklorystyczne. Obecnie pisze historię Cyganów z Surrey.	bhallmuseum@gmail.com	Authors INFO (t. 1–18); ORCID: kopia DataChief (25.07.2026), nazwisko zgodne z rekordem ORCID 30.09.2026	
Horváthová	Dr Jana Horváthová		Muzeum Romskiej Kultury, Brno (Ministerstwo Kultury Republiki Czeskiej)	Dr Jana Horváthová, PhDr., urodzona w Brnie w 1967 roku, tam też mieszka i pracuje. Jest historykiem i muzeologiem, współzałożycielką (1991) i obecnym szefem Muzeum Romskiej Kultury, organizacji wspieranej przez państwo (Ministerstwo Kultury Republiki Czeskiej). Jej praca naukowa koncentruje się na historii Romów w pierwszej połowie XX wieku. Interesuje się historycznymi grupami romskimi, które przybywały na ziemie czeskie od końca XVII wieku, a podczas II wojny światowej stały się przedmiotem nazistowskiego ludobójstwa; koncentruje się głównie na badaniu historii przekazywanej ustnie. Wykłada historię, kulturę duchową i materialną Romów. Wydała: Kapitoly z dějin Romů, Rozdziały z historii Romów, Praga, 2002; Devleskerečhave, Świadectwo starych pocztówek, Poprad, 2006; Skarb Romów. Amaresomnaka, Sekret romskiej biżuterii, Brno 2016.	horvathova@rommuz.cz	Authors INFO (t. 1–18)	
Hrustič	Dr Tomáš Hrustič	https://orcid.org/0000-0002-4272-9954	Instytut Etnologii Słowackiej Akademii Nauk w Bratysławie / National Democratic Institute for International Affairs	Dr Tomáš Hrustič, pracownik Instytutu Etnologii Słowackiej Akademii Nauk w Bratysławie. Naukowo zajmuje się religijnością ludową, zmianą kulturową oraz rozmaitymi zagadnieniami związanymi z Romami, zwłaszcza konwertytami – zielonoświątkowcami i świadkami Jehowy. Pracuje również dla National Democratic Institute for International Affairs w programie na rzecz Romów w Centralnej i Wschodniej Europie.	tomhrustic@gmail.com	Authors INFO (t. 1–18); ORCID: kopia DataChief (25.07.2026), nazwisko zgodne z rekordem ORCID 30.09.2026	
Iordanova	Prof. Dina Iordanova	https://orcid.org/0000-0003-3828-390X	University of St Andrews (Szkocja) / Institute for Global Cinema and Creative Cultures (IGCCC)	Prof. Dina Iordanova, profesor na Global Cinema w University of St Andrews (Szkocja), gdzie pełni funkcję dyrektora Institute for Global Cinema and Creative Cultures (IGCCC). Publikuje wiele na temat kina wschodnioeuropejskiego i bałkańskiego a także światowego. Jest redaktorem dwu specjalistycznych tomów czasopism poświęconych obecności Romów w filmie (Framework, 2003; Third Text, 2008).	dina.iordanova@st-andrews.ac.uk	Authors INFO (t. 1–18); ORCID: kopia DataChief (25.07.2026), nazwisko zgodne z rekordem ORCID 30.09.2026	
Jakoubek	Dr Marek Jakoubek	https://orcid.org/0000-0001-7235-5327	Wydział Filozoficzny Uniwersytetu Zachodnioczeskiego w Pilźnie	Dr Marek Jakoubek mieszka w miejscowości Rudná pod Pragą z Lenką Budilovą i Barborką Jakoubkovą. Od 2001 r. prowadzi wykłady na Katedrze Antropologii Wydziału filozoficznego Uniwersytetu Zachodnioczeskiego w Pilźnie. Zajmuje się grupami cygańskimi, problematyką czesko-bułgarskich ziomków i ogólnie kwestiami, związanymi z teorią etniczności i metodologii nauk społecznych. Szczególnym zainteresowaniem darzy antropologię klasyczną.	jakoubek@ksa.zcu.cz	Authors INFO (t. 1–18); ORCID: kopia DataChief (25.07.2026), nazwisko zgodne z rekordem ORCID 30.09.2026	
Jakoubková Budilová	Dr Lenka Jakoubková Budilová	https://orcid.org/0000-0002-4311-6359	Katedra Antropologii i Studiów Historycznych, Wydział Filozoficzny Uniwersytetu Zachodnioczeskiego w Pilznie	Dr Marek Jakoubek i dr Lenka Jakoubková Budilová, wykładowcy w Katedrze Antropologii i Studiów Historycznych na Wydziale Filozoficznym Uniwersytetu Zachodnioczeskiego w Pilznie, w Czechach. Specjalizują się m.in. w hermeneutyce kultury romskiej.	jakoubek@ksa.zcu.cz	Authors INFO (t. 1–18); ORCID: kopia DataChief (25.07.2026), nazwisko zgodne z rekordem ORCID 30.09.2026	nota wspólna z M. Jakoubkiem
Janowiak-Janik	Monika Janowiak-Janik	https://orcid.org/0000-0002-5852-0733	Instytut Kulturoznawstwa Uniwersytetu Wrocławskiego	Monika Janowiak-Janik, etnomuzykolog, pracuje w Instytucie Kulturoznawstwa Uniwersytetu Wrocławskiego. Interesuje się zagadnieniami muzyki cygańskiej, w szczególności kulturą muzyczną Cyganów Karpackich w Polsce.	monika_janowiak@wp.pl	Authors INFO (t. 1–18)	
Kapusta	Piotr Kapusta		Muzeum Historyczne Miasta Krakowa	Piotr Kapusta ukończył studia licencjackie oraz magisterskie w Instytucie Historii Uniwersytetu Pedagogicznego im. KEN w Krakowie. Jego praca magisterska pt. Postawy robotników z Nowej Huty wobec nowej władzy w pierwszych latach (1949–1956) po wojnie (...) zdobyła III miejsce w Konkursie o Nagrodę im. Jana Józefa Lipskiego organizowanym przez Instytut Historii PAN oraz Stowarzyszenie Otwarta Rzeczpospolita, w 2014 roku otrzymała także honorowe wyróżnienie w konkursie prac magisterskich o Nagrodę im. Władysława Pobóg-Malinowskiego. Obecnie pracownik Muzeum Historycznego Miasta Krakowa Oddziału Dzieje Nowej Huty. Zdobywca Grand Prix konkursu branżowego w kategorii nauk humanistycznych (2013/2014). Autor Przewodnika po Krakowie dla turysty niepełnosprawnego (2015). Zainteresowania badawcze: historia Krakowa (w szczególności Nowej Huty), historia Polski po 1945 roku, historia gmin Czernichów i Liszki w powiecie krakowskim.	piotr.kapusta1988@gmail.com	Authors INFO (t. 1–18)	
Kledzik	Dr hab. Emilia Kledzik	https://orcid.org/0000-0003-1432-4017	Wydział Filologii Polskiej i Klasycznej Uniwersytetu im. Adama Mickiewicza w Poznaniu	Dr hab. Emilia Kledzik – kierowniczka Pracowni Komparatystyki Literackiej i Kulturowej na Wydziale Filologii Polskiej i Klasycznej Uniwersytetu im. Adama Mickiewicza w Poznaniu. Autorka monografii Perspektywa poety. Cyganologia Jerzego Ficowskiego (Poznań 2023). Kierowniczka studiów podyplomowych Romowie. Wiedza i praktyki instytucjonalne na Uniwersytecie im. Adama Mickiewicza. Redaktorka naczelna czasopisma komparatystycznego „Porównania”.	emilia.kledzik@amu.edu.pl	Authors INFO (t. 1–18)	
Kocój	Dr hab. Ewa Kocój	https://orcid.org/0000-0002-2057-4736	Instytut Kultury UJ	Dr hab. Ewa Kocój – etnografka, antropolożka kultury po studiach na Uniwersytecie Jagiellońskim, adiunkt w Instytucie Kultury UJ. Interesuje się problematyką dziedzictwa kulturowego, współczesną religijnością, antropologicznymi interpretacjami wyobrażeń i symboli kulturowych; duchowością prawosławną kręgu Karpat i Bałkanów. Ważne miejsce w jej badaniach zajmuje także ikonografia prawosławna, sztuka ludowa oraz problematyka wielokulturowości. Prowadzi badania nad prawosławną kulturą religijną w Europie Środkowej i Południowo-Wschodniej, wschodnimi pograniczami oraz stereotypami narodowymi, etnicznymi i religijnymi.		Authors INFO (t. 1–18); ORCID: kopia DataChief (25.07.2026), nazwisko zgodne z rekordem ORCID 30.09.2026	
Koper	Dr Tomasz Koper	https://orcid.org/0000-0001-5569-9670	Instytut Socjologii, Uniwersytet Warszawski / Södertörn University	Dr Tomasz Koper – opracowanie projektu włączania społecznego Romów na lata 2019–2020 (romsk inkludering) na obszarze gminy Botkyrka w Sztokholmie. Studia doktoranckie, Instytut Socjologii, Uniwersytet Warszawski. Rozprawa: „Strategie adaptacji Romów w Polsce: na przykładzie grup Polska Roma i Bergitka Roma”. Współpraca badawcza z Södertörn University. Badania lingwistyczne na temat dialektów romskich (Bergitka Roma, chaładytka Roma) w Polsce (Koordynator: Prof. Kimmo Granqvist). Stypendium badawcze w CEIFO (The Centre for Research in International Migration and Ethnic Relations), Stockholm University. Prof. Charles Westin. Współpraca z Centrum Doradztwa i Informacji dla Romów w Polsce (Pabianice). Kurator społeczny ds. mniejszości romskiej w Sądzie Okręgowym Łódź-Widzew.		Authors INFO (t. 1–18); ORCID: kopia DataChief (25.07.2026), nazwisko zgodne z rekordem ORCID 30.09.2026	
Kowarska	Dr Agnieszka J. Kowarska		IEiAK UW / Instytut Choreologii w Poznaniu	Dr Agnieszka J. Kowarska, etnolog, cyganolog, choreolog, autorka zbioru Szkice o tańcach Romów (Oświęcim 2003), książki Polska Roma. Tradycja i nowoczesność (Warszawa 2005) oraz licznych artykułów omawiających kulturę i strukturę społeczną Romów w Polsce. Jest współpracownikiem IEiAK UW oraz członkiem Rady Naukowej Instytutu Choreologii w Poznaniu. Zajmuje się badaniami w zakresie cyganologii oraz choreologii w tym antropologii tańca i języka ciała w kontekście przywództwa.	a.kowarska@gmail.com	Authors INFO (t. 1–18)	
Kołaczek	Dr Małgorzata Kołaczek		Instytut Studiów Międzykulturowych Uniwersytetu Jagiellońskiego w Krakowie	Dr Małgorzata Kołaczek – doktor nauk politycznych, wykładowczyni i wicedyrektor ds. dydaktycznych w Instytucie Studiów Międzykulturowych na Uniwersytecie Jagiellońskim w Krakowie. Zajmuje się problematyką etniczną, zwłaszcza społecznością Romów i ich sytuacją w Europie Środkowo-Wschodniej oraz działalnością liderów i pozarządowych organizacji romskich, jak również problematyką migracji, kreowania wizerunku i obecności mniejszości w mediach w Polsce i na świecie. Autorka książki Etniczna mobilizacja Romów a Unia Europejska. Polska, Słowacja, Węgry. Wygłaszała wykłady na uczelniach w Stanach Zjednoczonych i Kanadzie, jak również dla międzynarodowych grup w Polsce. Stypendystka prestiżowego programu International Visitor Leadership Program Departamentu Stanu USA (temat wizyty Minority Outreach Program), grantu Komisji Europejskiej Marii Curie Conferences and Training Courses – Multi – Disciplinary and Cross-National Approaches to Romany Studies – a Model for Europe i oraz grantu Skalny Center for Polish and Central European Studies. Od wielu lat współpracuje z organizacjami pozarządowymi. Prowadzi warsztaty i zajęcia ze studentami, nauczycielami, pedagogami, dziećmi i młodzieżą oraz przedstawicielami środowiska romskiego.		Authors INFO (t. 1–18)	
Krinková	Dr Zuzana Krinková	https://orcid.org/0000-0001-5000-9204	Katedra Języków Romańskich, Uniwersytet Karola w Pradze	"Zuzana Krinková – hispanistka i badaczka języka rromani, jest adiunktem w Katedrze Języków Romańskich na Uniwersytecie Karola w Pradze oraz autorką pierwszej gramatyki iberyjskiego rromani w języku angielskim (""Romani in Spain"", 2015). Wykłada językoznawstwo hiszpańskie. Prowadzi badania nad źródłami do języka caló i innych iberyjskich dialektów pararomskich."	zuceng@gmail.com	Authors INFO (t. 1–18); ORCID: kopia DataChief (25.07.2026), nazwisko zgodne z rekordem ORCID 30.09.2026	
Krysińska-Kałużna	Dr hab. Magdalena Krysińska-Kałużna	https://orcid.org/0000-0003-0489-7620	Instytut Etnologii i Antropologii Kulturowej Uniwersytetu Wrocławskiego	Dr hab. Magdalena Krysińska-Kałużna – antropolożka kultury, pracuje w Instytucie Etnologii i Antropologii Kulturowej Uniwersytetu Wrocławskiego. Badawczo zajmuje się antropologią prawa, Ameryką Łacińską, a także kwestiami związanymi z wielokulturowością, prawami człowieka, przemocą kulturową, konfliktem, dyskryminacją. Współprowadziła projekt „Sąsiedztwo – moje miejsce na mapie” realizowany wspólnie z mniejszością romską.	krysinska@o2.pl	Authors INFO (t. 1–18)	
Kubrak	Andrzej Kubrak		Uniwersytet Mikołaja Kopernika w Toruniu / Uniwersytet Pedagogiczny w Krakowie	Andrzej Kubrak, mgr bibliotekoznawstwa i informacji naukowej, absolwent Uniwersytetu im. Mikołaja Kopernika w Toruniu, oraz studiów podyplomowych w zakresie Sytuacji Romów w Polsce na Uniwersytecie Pedagogicznym w Krakowie. Autor wielu publikacji z dziedziny bibliotekoznawstwa. Zajmuje się również czasopiśmiennictwem romskim w Polsce.	andrzej.kubrak@wp.pl	Authors INFO (t. 1–18)	
Kwadrans	Dr Łukasz Kwadrans	https://orcid.org/0000-0001-6102-2308	Państwowa Wyższa Szkoła Zawodowa im. Angelusa Silesiusa w Wałbrzychu / Instytut Studiów Romskich Uniwersytetu Konstantyna Filozofa w Nitrze	Dr Łukasz Kwadrans, politolog, pedagog, wykładowca w Państwowej Wyższej Szkole Zawodowej im. Angelusa Silesiusa w Wałbrzychu. Kurator zawodowy w Sądzie Rejonowym w Świdnicy. Dwukrotny stypendysta International Visegrad Fund. Współpracuje w ramach projektu VEGA z Instytutem Studiów Romskich w Uniwersytecie Konstantyna Filozofa w Nitrze na Słowacji. Autor publikacji dotyczących Romów i ich edukacji, a także książki Edukacja Romów. Studium porównawcze na przykładzie Czech, Polski i Słowacji (Wrocław-Wałbrzych 2008).	lukaszkwadrans@poczta.fm	Authors INFO (t. 1–18); ORCID: kopia DataChief (25.07.2026), nazwisko zgodne z rekordem ORCID 30.09.2026	
Machowska	Dr Magdalena Machowska	https://orcid.org/0000-0003-0118-6241	Katedra Studiów nad Kulturą i Badań Ery Cyfrowej AGH	Dr Magdalena Machowska – etnolog, adiunkt w Katedrze Studiów nad Kulturą i Badań Ery Cyfrowej AGH, autorka monografii o Bronisławie Wajs-Papuszy oraz o XIX w. fotografii terenowej i jej związkach z technikami fotograficznymi. Jej zainteresowania badawcze skupiają się wokół kultury wizualnej, kultur pamięci, narracji biograficznych oraz filmu etnograficznego.	magdalena.etno@tlen.pl	Authors INFO (t. 1–18); ORCID: kopia DataChief (25.07.2026), nazwisko zgodne z rekordem ORCID 30.09.2026	
Majewski	Piotr Majewski		Instytut Kultury i Komunikowania SWPS / Instytut Slawistyki PAN	Piotr Majewski, kulturoznawca i socjolog. Pracuje jako asystent w Instytucie Kultury i Komunikowania SWPS, słuchacz studium doktoranckiego w Instytucie Slawistyki PAN, stypendysta Prezesa Polskiej Akademii Nauk. Absolwent studiów podyplomowych „Sytuacja Romów w Polsce – historia, prawo, kultura, stereotypy etniczne” na Uniwersytecie Pedagogicznym w Krakowie.	pesho_majewski@op.pl	Authors INFO (t. 1–18)	
Malik	Ewelina Malik	https://orcid.org/0009-0005-6365-0945	Instytut Nauk Politycznych i Stosunków Międzynarodowych Uniwersytetu Jagiellońskiego	Ewelina Malik, doktorantka w Instytucie Nauk Politycznych i Stosunków Międzynarodowych Uniwersytetu Jagiellońskiego, absolwentka europeistyki, specjalności wiedza o Holokauście i totalitaryzmach w Centrum Badań Holokaustu UJ. Uczestniczka studiów podyplomowych Romowie w Polsce – historia, prawo, kultura, stereotypy etniczne w ramach Uniwersytetu Pedagogicznego w Krakowie. Interesuje się problematyką relacji polsko-watykańskich w dwudziestoleciu międzywojennym, Zagładą europejskich Żydów, Romów i Sinti, rozliczeniem zbrodni popełnionych przez nazistów oraz literaturą dokumentu osobistego.	ewelinam11@gmail.com	Authors INFO (t. 1–18); ORCID: kopia DataChief (25.07.2026), nazwisko zgodne z rekordem ORCID 30.09.2026	
Mann	Phil Mann		Uniwersytet St Andrews	Phil Mann, doktorant na Uniwersytecie St Andrews. Jego rozprawa doktorska, zatytułowana Challenging Political Mythology: Representations of the Rural in Post-Communist Hungarian Cinema, analizuje jak wiejskość funkcjonuje jako korelat krytycznych narracji w postkomunistycznym kinie węgierskim, którego dotyczą jego zainteresowania badawcze. Opublikował artykuł o filmie Béli Tarra A turinió ló a niedługo ukase się jego tekst na temat filmu György Pálfiego Hukkle.	pm85@st-andrews.ac.uk	Authors INFO (t. 1–18)	
Marushiakova	Dr Elena Marushiakova	https://orcid.org/0000-0001-5333-2330	"Bułgarska Akademia Nauk / International Research Centre ""Work and Human Lifecycle in Global History"" (Humboldt University, Berlin)"	Dr Elena Marushiakova i dr Vesselin Popov są autorami licznych publikacji o Romach w Bułgarii, na Bałkanach i w Europie Środkowej. Opracowali pierwszą monografię historii i kultury Romów w Bułgarii (1997), książkę o Romach w Imperium Otomańskim (2000), zainicjowali serię na temat romskiego folkloru (Studii Romani, 1994–1998). Utworzyli Minority Studies Society i Roma Heritage Museum Fund przy Narodowym Muzeum Etnograficznym w Sofii (1995). W latach 2001–2004 kierowali badaniami wśród Romów na terenie byłego Związku Radzieckiego w ramach programu Difference and Integration realizowanego przez Uniwersytety w Lipsku i Halle. Są pracownikami Bułgarskiej Akademii Nauk. Dr Elena Marushiakova jest obecnie zatrudniona jako visiting researcher w International Research Centre „Work and Human Lifecycle in Global History” na Humboldt University w Berlinie, gdzie zajmuje się tematyką Romów w południowo-wschodniej Europie: Living and Working in Migration.	studiiromani@geobiz.net	Authors INFO (t. 1–18)	afiliacja w rejestrze (BAN / Humboldt) ≠ plik ORCID (Institute of Ethnology and Social Anthropology, Bratislava); nota wspólna z V. Popovem
Matkowska	Dr Justyna Matkowska	https://orcid.org/0000-0002-9006-4184	Wydział Filologiczny Uniwersytetu Wrocławskiego / Uniwersytet Pedagogiczny w Krakowie	Justyna Matkowska – romska aktywistka i badaczka. Jest absolwentką filologii polskiej na Uniwersytecie Wrocławskim. Ukończyła także podyplomowe studia romologiczne na Uniwersytecie Pedagogicznym w Krakowie oraz Hawai’i English Language Program na University of Hawai’i at Mānoa w USA. W latach 2016–2018 była Pełnomocnikiem Wojewody Dolnośląskiego ds. Mniejszości Narodowych i Etnicznych. Przed obroną doktoratu pracowała jako adiunkt na Wydziale Filologicznym Uniwersytetu Wrocławskiego.	justynamatkowska@op.pl	Authors INFO (t. 1–18); ORCID: kopia DataChief (25.07.2026), nazwisko zgodne z rekordem ORCID 30.09.2026	
Mielczarek	Kinga Anna Mielczarek		Akademia Pomorska w Słupsku / ZSO nr 2 w Słupsku	Kinga Anna Mielczarek, doktorantka literaturoznawstwa w Akademii Pomorskiej w Słupsku. Nauczyciel dyplomowany języka polskiego w ZSO nr 2 w Słupsku.	miekin@wp.pl	Authors INFO (t. 1–18)	
Mirga-Wójtowicz	Dr Elżbieta Mirga-Wójtowicz	https://orcid.org/0000-0002-3215-7825	Wydział Politologii Uniwersytetu Pedagogicznego w Krakowie / Uniwersytet Jagielloński	Elżbieta Mirga-Wójtowicz, doktorantka na Wydziale Politologii na Uniwersytecie Pedagogicznym w Krakowie. Absolwentka Uniwersytetu Jagiellońskiego – Animacji Kultury w Instytucie Pedagogiki oraz Stosunków Etnicznych i Migracji Międzynarodowych w Instytucie Studiów Polonijnych i Etnicznych. Odbyła staż w Komisji Europejskiej w Brukseli w Departamencie ds. Zatrudnienia, Spraw Społecznych i Włączenia Społecznego. Uczestniczka Roma Access Program na Central European University w Budapeszcie. Od 2007 roku współpracuje z Uniwersytetem Pedagogicznym w Krakowie jako wykładowczyni romologicznych studiów podyplomowych „Sytuacja Romów w Polsce – historia, prawo, kultura, stereotypy etniczne”. Stypendystka programu rządu amerykańskiego International Leadership Visitor Program. W latach 2008–2014 Pełnomocniczka Wojewody Małopolskiego ds. Mniejszości Narodowych i Etnicznych.	emirga@interia.pl	Authors INFO (t. 1–18); ORCID: kopia DataChief (25.07.2026), nazwisko zgodne z rekordem ORCID 30.09.2026	
Mojžišová	Dr Zuzana Mojžišová	https://orcid.org/0009-0008-7425-2629	Wydział Filmu i Telewizji Wyższej Szkoły Sztuki Muzycznej w Bratysławie (Vysokej školy múzických umení)	Dr Zuzana Mojžišová, PhD., wykłada na Wydziale Filmu i Telewiizji Wyższej Szkoły Sztuki Muzycznej w Bratysawie (Vysokej školy múzických umení). Autorka książki Premýšľanie o filmových Rómoch, recenzentka filmów w słowackich pismach naukowych i popluranych. Wspólautorka (z Janą Belišovą) publikacji o pieśniach romskich Phurikane giľa i O Del dži-vel. Jesienią 2017 wyjdzie jej książka žka Za rómskym ľudom jako część większego etnomuzykologicznego projektu, wiążącego codzienne zapiski terenowego badacza z wywiadami z Romami spotykanymi we wschodniosłowackich osadach. Publikowała ksiązki, opowiadani i bajki dla dzieci.	z.mojzisova@slovanet.sk	Authors INFO (t. 1–18); ORCID: kopia DataChief (25.07.2026), nazwisko zgodne z rekordem ORCID 30.09.2026	
Morys-Twarowski	Michael Morys-Twarowski	https://orcid.org/0000-0002-8803-2335	Wydział Historyczny Uniwersytetu Jagiellońskiego	Michael Morys-Twarowski ukończył prawo i amerykanistykę na Uniwersytecie Jagiellońskim, obecnie jest doktorantem na Wydziale Historycznym UJ. Zajmuje się głównie historią Śląska Cieszyńskiego.	morys-twarowski@wp.pl	Authors INFO (t. 1–18); ORCID: kopia DataChief (25.07.2026), nazwisko zgodne z rekordem ORCID 30.09.2026	
Nunev	Dr Yosif Nunev	https://orcid.org/0000-0001-6020-058X	Uniwersytet Neofit Rilski w Błagoevgrad / Velikotyrnovski Uniwersytet św. Cyryla i Metodego (filia w Pleven)	Dr Yosif Nunev, urodzony w 1960 roku w Rakitovo, okręg Pazardżik, w rodzinie bułgarskich Romów. Absolwent pedagogiki na uniwersytecie Neofit Rilski w Błagoevgrad. Wykłada w Pleven, w filii Velikotyrnovskiego Uniwersytetu św. Cyryla i Metodego. Badacz w dziedzinie edukacji multikulturowej, autor bajek romskich dla dzieci i dorosłych.	inunev@abv.bg	Authors INFO (t. 1–18); ORCID: kopia DataChief (25.07.2026), nazwisko zgodne z rekordem ORCID 30.09.2026	
Odrzywołek	Katarzyna Odrzywołek		Instytut Historii Uniwersytetu Pedagogicznego im. KEN w Krakowie / Fundacja Mifgash	Katarzyna Odrzywołek – doktorantka w Instytucie Historii Uniwersytetu Pedagogicznego im. Komisji Edukacji Narodowej w Krakowie (UP), wiceprezes Fundacji Mifgash. Absolwentka studiów podyplomowych Sytuacja Romów w Polsce – historia, prawo, kultura, stereotypy etniczne. Jej zainteresowania badawcze skupiają się wokół mniejszości etnicznych i narodowych, historii mówionej oraz przymusowych migracji w okresie II wojny światowej.	sekcjazydowska@gmail.com	Authors INFO (t. 1–18)	
Ostendorf	Ann Ostendorf	https://orcid.org/0000-0001-9421-9385	Wydział Historii, Gonzaga University	Ann Ostendorf, Wydział Historii, Gonzaga University. W roku akademickim 2019/2020, w ramach stypendium Fulbrighta, pełniła funkcję wykładowcy wizytującego na Uniwersytecie Tokijskim oraz Japan Women’s University.	ostendorf@gonzaga.edu	Authors INFO (t. 1–18)	
Paszko	Dr Artur Paszko	https://orcid.org/0009-0008-9902-0701	Uniwersytet Pedagogiczny w Krakowie / Uniwersytet Ekonomiczny w Krakowie	Dr Artur Paszko, obecnie związany m.in. z Uniwersytetem Pedagogicznym w Krakowie oraz Uniwersytetem Ekonomicznym w Krakowie. W latach 2001–2003 Pełnomocnik Wojewody Małopolskiego ds. Mniejszości Narodowych i Etnicznych. Autor i współautor kilku monografii oraz kilkudziesięciu artykułów naukowych.		Authors INFO (t. 1–18)	
Pilarczyk-Palaitis	Anna Pilarczyk-Palaitis	https://orcid.org/0000-0002-8278-2530	Instytut Polski w Wilnie	Anna Pilarczyk-Palaitis – absolwentka politologii (WSNHD w Poznaniu) i filologii polskiej (Lietuvos edukologijos universitetas) oraz studiów podyplomowych z zakresu dyplomacji kulturalnej (Collegium Civitas). Dziennikarka mediów polonijnych, inicjatorka i koordynatorka projektów kulturalnych i edukacyjnych w Instytucie Polskim w Wilnie, autorka licznych tłumaczeń z języka litewskiego. Jej główne zainteresowania badawcze to: procesy związane z zagadnieniem pamięci kolektywnej oraz tożsamością etniczną. Autorka licznych artykułów poświęconych społeczności romskiej, publikowanych m.in. w takich czasopismach jak: „Studia Romologica”, „Dialog – Pheniben” oraz „Gadki z Chatki”.	anna.pilarczyk@instytutpolski.org	Authors INFO (t. 1–18); ORCID: kopia DataChief (25.07.2026), nazwisko zgodne z rekordem ORCID 30.09.2026	
Piotrowska	Prof. dr hab. Anna G. Piotrowska	https://orcid.org/0000-0003-1510-8682	Instytut Muzykologii UJ / Uniwersytet Jagielloński w Krakowie	Anna G. Piotrowska, doktor habilitowany, profesor nadzwyczajny w Uniwersytecie Jagiellońskim. Absolwentka Uniwersytetu Jagiellońskiego i Durham University, wykładowczyni  w Instytucie Muzykologii UJ. Autorka wielu książek i opracowań poświęconych europejskiej i amerykańskiej kulturze muzycznej. Stypendystka szeregu prestiżowych fundacji; jej książka Topos muzyki cygańskiej w kulturze europejskiej (2011) uhonorowana została nagrodą Polskiego Towarzystwa Historycznego.		Authors INFO (t. 1–18); ORCID: kopia DataChief (25.07.2026), nazwisko zgodne z rekordem ORCID 30.09.2026	
Podolinská	Dr Tatiana Podolinská		Słowacja (Bratysława)	Dr Tatiana Podolinská specjalizuje się w zagadnieniach związanych ze współczesną religijnością Romów na Słowacji, nad którymi prowadzi badania od 2002 r. Zajmowała się m.in. nowymi ruchami religijnymi oraz duszpasterstwem romskim. Analizuje również programy socjalne realizowane w marginalizowanych romskich osadach na Słowacji.	tatiana.podolinska@gmail.com	Authors INFO (t. 1–18)	
Popieliński	Dr Paweł Popieliński	https://orcid.org/0000-0001-7137-813X	Zakład Studiów nad Niemcami Instytutu Studiów Politycznych Polskiej Akademii Nauk	Dr Paweł Popieliński – doktor nauk humanistycznych, socjolog i politolog, adiunkt w Zakładzie Studiów nad Niemcami Instytutu Studiów Politycznych Polskiej Akademii Nauk; zajmuje się głównie badaniem dziejów i współczesnych problemów mniejszości niemieckiej w Polsce. W obszarze jego zainteresowań znajduje się również mniejszość romska w Polsce oraz w Republice Federalnej Niemiec.	popielinski@isppan.waw.pl	Authors INFO (t. 1–18); ORCID: kopia DataChief (25.07.2026), nazwisko zgodne z rekordem ORCID 30.09.2026	
Popiołek	Beata Popiołek		Wydział Nauk Pedagogicznych Akademii Pedagogiki Specjalnej im. Marii Grzegorzewskiej w Warszawie	Beata Popiołek, pedagog, politolog, doktorantka na Wydziale Nauk Pedagogicznych Akademii Pedagogiki Specjalnej im. Marii Grzegorzewskiej w Warszawie. Obecnie pracuje jako pedagog szkolny w Płocku.		Authors INFO (t. 1–18)	
Popov	Dr Vesselin Popov	https://orcid.org/0000-0002-6565-8730	Bułgarska Akademia Nauk	Zobacz notę przy dr Elena Marushiakova (współautor).		Authors INFO (t. 1–18)	plik ORCID: „Veselin”; nota: patrz Marushiakova
Radzewicz	Dr Edyta Radzewicz		Instytut Nauk Społecznych Uniwersytetu Warszawskiego	Dr Edyta Radzewicz – socjolożka, doktor nauk społecznych (ISNS UW, 2018), absolwentka Instytutu Nauk Społecznych Uniwersytetu Warszawskiego. Od 2008 roku prowadzi badania kultury oraz sytuacji społeczno-prawnej Irlandzkich Trawelerów. Autorka artykułów poświęconych społeczności trawelerskiej. Obecnie pracuje w branży technologicznej i prowadzi badania z zakresu interakcji człowieka i nowych technologii (Human Computer Interaction – HCI).	edytaradzewicz@gmail.com	Authors INFO (t. 1–18)	
Ries	Dr Johannes Ries		Forum Tsiganologische Forschung (FTF) w Lipsku	Dr johannes ries pracuje jako antropolog biznesu i konsultant organizacji NGO w Niemczech. Prowadził długotrwałe badania nad misją zielonoświątkową wśród Romów w Transylwanii/Rumunii. Wraz z innymi antropologami Kultury założył Forum Tsiganologische Forschung (FTF) w Lipsku. Jest autorem wielu publikacji romologicznych.	j.ries@anthrosys.de	Authors INFO (t. 1–18)	mała litera po „Dr” w nocie (jak w źródle)
Robotycki	Prof. dr hab. Czesław Robotycki		Instytut Etnologii i Antropologii Kulturowej UJ	Prof. dr hab. Czesław Robotycki, wieloletni (1998–2008) dyrektor Instytutu Etnologii i Antropologii Kulturowej UJ. Były Kierownik Zakładu Teorii Kultury, obecnie: Muzealnictwa i Dokumentacji Etnograficznej Autor 160 publikacji w tym 4 książek. Promotor 17 doktorów. Zajmuje się: problemami etosu, habitusów i dyskursu, muzealnictwem, narracjami potocznymi i nowym folklorem oraz uniwersum kultury polskiej.	czerob@gmail.com	Authors INFO (t. 1–18)	
Roy	Anustup Roy		Paryż (studia dziennikarstwa)	Anustup Roy – dziennikarz, zajmuje się indyjska diasporą, także Romami w Europie, studiuje dziennikarstwo w Paryżu.		Authors INFO (t. 1–18)	
Rycielska	Ludmiła Rycielska	https://orcid.org/0000-0002-0335-4942	Instytut Badań Edukacyjnych w Warszawie	Ludmiła Rycielska, psycholog społeczna i rozwojowa. Pracuje w Instytucie Badań Edukacyjnych w Warszawie, gdzie zajmuje się pomiarem edukacyjnym, metodologią oraz statystyczną analizą danych. Kończy rozprawę doktorską.		Authors INFO (t. 1–18); ORCID: kopia DataChief (25.07.2026), nazwisko zgodne z rekordem ORCID 30.09.2026	
Różycka	Dr Małgorzata Różycka		Administracja publiczna / Instytucje rządowe (MSWiA)	Dr Malgorzata Różycka, ur. 1971, kulturoznawca, zawodowo zajmuje się mniejszościami narodowymi i etnicznymi w administracji publicznej, współautorka programów rządowych na rzecz Romów w Polsce, współautorka pierwszego w Polsce komiksu o historii Romów, autorka artykułów o Romach i mniejszościach narodowych, współredaktorka „Romowie 2011. Życie na pograniczu” i „Romowie 2013. Od działań systemowych do rozwiązań lokalnych”.	Malgorzata.rozycka@coe.int	Authors INFO (t. 1–18)	
Samko	Milan Samko	https://orcid.org/0000-0002-1574-0672	Instytut Studiów Romologicznych na Wydziale Nauk Społecznych i Zdrowia Uniwersytetu Konstantyna Filozofa w Nitrze	Milan Samko – adiunkt w Instytucie Studiów Romologicznych na Wydziale Nauk Społecznych i Zdrowia Uniwersytetu Konstantyna Filozofa w Nitrze, gdzie zajmuje się językiem romskim i dwujęzycznością Romów. Uczestnik kilku projektów naukowych wspieranych przez agencje grantów w Republice Słowackiej. Jest autorem i współautorem kilku artykułów opublikowanych w czasopismach naukowych i materiałach konferencyjnych.		Authors INFO (t. 1–18); ORCID: kopia DataChief (25.07.2026), nazwisko zgodne z rekordem ORCID 30.09.2026	
Sarău	Dr Gheorghe Sarău	https://orcid.org/0009-0005-3057-2629	Katedra Języka i Literatury Romani, Uniwersytet w Bukareszcie / Rumuńskie Ministerstwo Edukacji i Nauki	Dr Gheorghe Sarău, lingwista, wykłada język romski w Katedrze Języka i Literatury Romani, na Wydziale Języków Obcych i Literatury, na Uniwersytecie w Bukareszcie. Od 1990 r. jest doradcą ds. romskiego języka i literatury w rumuńskim Ministerstwie Edukacji i Nauki. Opracował pierwszy słownik romski, szereg podręczników, zbiorów tekstów romskich i kurs uniwersytecki romani.	sarau_2006@yahoo.com	Authors INFO (t. 1–18); ORCID: kopia DataChief (25.07.2026), nazwisko zgodne z rekordem ORCID 30.09.2026	
Storożko	Tetiana Storożko		Ukrański Instytut Archeografii i Badań Źródłowych / Uniwersytet Kijowski	Tetiana Storożko, absolwentka historii na Uniwersytecie kijowskim. Doktorantka w Ukrańskim Instytucie Archeografii i Badań Źródłowych.	aza017@gmail.com	Authors INFO (t. 1–18)	
Styrkacz	Sonia Styrkacz	https://orcid.org/0000-0002-4420-5476	Instytut Nauk Społecznych Roberta Zajonca Uniwersytetu Warszawskiego / Centrum Badań nad Uprzedzeniami / Centrum Badań Romów przy Uniwersytecie Śląskim	Sonia Styrkacz – doktorantka na Uniwersytecie Warszawskim w Instytucie Studiów Społecznych im. prof. Roberta Zajonca, związana z Centrum Badań nad Uprzedzeniami. Jej praca badawcza skupia się na badaniu zjawiska Gypsy Life Style. Ukończyła studia magisterskie z psychologii oraz podyplomowe z pedagogiki. Jest członkinią Centrum Badań Romów przy Uniwersytecie Śląskim. Współpracuje z OBWE, jako konsultant do przeprowadzania badań lokalnych.	sonia.styrkacz@gmail.com	Authors INFO (t. 1–18); ORCID: kopia DataChief (25.07.2026), nazwisko zgodne z rekordem ORCID 30.09.2026	
Szczygielska	Ewa Szczygielska	https://orcid.org/0000-0002-8914-6772	Wydział Socjologii Uniwersytetu w Białymstoku	Ewa Szczygielska (z d. Gugnowska), doktorantka wydziału socjologii na Uniwersytecie w Białymstoku.	ewa.gugnowska@gmail.com	Authors INFO (t. 1–18); ORCID: kopia DataChief (25.07.2026), nazwisko zgodne z rekordem ORCID 30.09.2026	
Szewczyk	Monika Szewczyk		Szkoła Doktorska Nauk Społecznych Uniwersytetu Jagiellońskiego / Ośrodek Badań nad Migracjami Uniwersytetu Warszawskiego	Monika Szewczyk – doktorantka w Szkole Doktorskiej Nauk Społecznych Uniwersytetu Jagiellońskiego. Współpracowniczka Ośrodka Badań nad Migracjami Uniwersytetu Warszawskiego. Obecnie pracuje jako asystentka w projekcie Nierówne obywatelstwo i transnarodowa mobilizacja polskich, czeskich i ukraińskich Romów w obliczu wojny na Ukrainie. Jest autorką publikacji O Romach w Nowej Hucie słów kilka, filmu dokumentalnego Byli kowale, byli..., rekomendowanego przez Radę Europy w ramach Europen Hertiage Stradegy for the 21 st Century i wpisanego do Złotej Księgi Dobrych Praktyk w zakresie ochrony niematerialnego dziedzictwa Romów.	m.szewczyk19@uw.edu.pl	Authors INFO (t. 1–18)	
Szewczyk	Prof. dr hab. Marcin Szewczyk		Wyższa Szkoła Informatyki i Zarządzania z siedzibą w Rzeszowie / Instytut Europejski w Łodzi	Prof. Marcin Szewczyk – dr hab., prof. WSIiZ, medioznawca, filmoznawca, politolog, romolog, europeista. Pracownik naukowy Wyższej Szkoły Informatyki i Zarządzania z siedzibą w Rzeszowie (Katedra Mediów, Dziennikarstwa i Komunikacji Społecznej). Kierownik Seminarium doktoranckiego WSIiZ w zakresie nauk o komunikacji społecznej i mediach, dyrektor Centrum Dokumentacji Europejskiej w Rzeszowie. Ekspert sieci Team Europe Komisji Europejskiej, członek Polskiego Towarzystwa Studiów Europejskich, Polskiego Towarzystwa Nauk Politycznych (polityka publiczna), European Academic Network on Romani Studies, Gypsy Lore Society. Stypendysta Jean Monnet. Członek redakcji naukowej „Studia Romologica” i redaktor tematyczny „Social Communication. Online Journal”. Koordynator i ekspert w kilkudziesięciu projektach Komisji Europejskiej i polskiego rządu. Autor, redaktor i recenzent wielu publikacji naukowych z zakresu medioznawstwa, romologii, i europeistyki. Obecnie w pracy badawczej koncentruje się na analizie wizualnego i językowego dyskursu nowych mediów jako narzędzi komunikowania perswazyjnego oraz transhumanizmem i rozwojem Web 2.0.	mszewczyk@wsiz.rzeszow.pl	Authors INFO (t. 1–18)	
Szymański	Dr Wojciech Szymański		Instytut Historii Sztuki Uniwersytetu Warszawskiego / Akademia Sztuk Pięknych w Katowicach	Dr Wojciech Szymański – krytyk i historyk sztuki, kurator, autor i redaktor książek i katalogów; Zajmuje się współczesną sztuką romską; kurator zbiorowych wystaw sztuki romskiej Kali Berga w Kai Dikhas Galerie w Berlinie (2017) i Prawo spojrzenia w Galerii Szara Kamienica w Krakowie (wraz z Delaine Le Bas, 2018). Jest kuratorem wystaw Małgorzaty Mirgi-Tas 29. Ćwiczenia ceroplastyczne w Centrum Rzeźby Polskiej w Orońsku (2020), Wyjścia z Egiptu w Galerii Arsenał w Białymstoku (2021), uznanej przez magazyn „Frieze” za jedną z dziesięciu najważniejszych wystaw roku w Europie, Wędrujących obrazów w Galerii MCK w Krakowie (2022, wraz z Natalią Żak). Kurator (wraz z Joanną Warszą) wystawy Małgorzaty Mirgi-Tas Przeczarowując świat w Pawilonie Polskim na 59. Międzynarodowej Wystawie Sztuki – La Biennale di Venezia. Pracuje jako adiunkt w Instytucie Historii Sztuki Uniwersytetu Warszawskiego, wykładowca Akademii Sztuk Pięknych w Katowicach.	wj.szymanski@uw.edu.pl	Authors INFO (t. 1–18)	
Takács	Louis Takács	https://orcid.org/0009-0000-6820-1528	Międzynarodowa Federacja Stowarzyszeń i Instytucji Bibliotekarskich (IFLA) w Hadze / Uniwersytet Waszyngtoński w St. Louis	Louis Takács – ukończył studia licencjackie z antropologii i filozofii, a następnie uzyskał tytuł magistra w dziedzinie informacji naukowej i technologii uczenia się na Uniwersytecie Missouri w Columbii. Pracuje jako menedżer ds. komunikacji w Międzynarodowej Federacji Stowarzyszeń i Instytucji Bibliotekarskich (IFLA) w Hadze, w Holandii, oraz jako asystent badawczy w Katedrze Historii na Uniwersytecie Waszyngtoński w St. Louis, Missouri. Obecnie pracuje nad filmem dokumentalnym oraz kilkoma projektami muzealnymi dotyczącymi migracji i transnarodowości — wszystkie te inicjatywy wywodzą się z jego obszernej publikacji cyfrowej LET ME GET THERE: Visualizing immigrants, transnational migrants & U.S. citizens abroad, 1904–1925, udostępnionej przez Alliance for Networking Visual Culture. Mieszka w Amsterdamie.	takacslouis@gmail.com	Authors INFO (t. 1–18)	
Tcherenkov	Lev Tcherenkov		Rosyjski Badawczy Instytut Dziedzictwa Kulturalnego i Przyrodniczego im. D. S. Lichaczowa	Lev Tcherenkov (Leon Muzovski), Rom Polski pochodzący z Litwy. Zajmuje się studiami nad tradycyjną kulturą i językiem Romów, przede wszystkim Rosji i państw posowieckich. Wykładowca języka romani, członek rzeczywisty Rosyjskiego Stowarzyszenia Geograficznego, pracuje w Rosyjskim Badawczym Instytucie Dziedzictwa Kulturalnego i Przyrodniczego im. D. S. Lichaczowa.		Authors INFO (t. 1–18)	
Tyaglyy	Dr Mikhail Tyaglyy		Ukraińskie Centrum Studiów nad Holokaustem w Kijowie (UCHS)	Dr Mikhail Tyaglyy jest pracownikiem naukowym w Ukraińskim Centrum Studiów nad Holokaustem w Kijowie (UCHS). Jest autorem książki o Holokauście oraz artykułów o nazistowskiej i antysemickiej propagandzie oraz o sytuacji Romów/Cyganów w czasach II wojny światowej na Ukrainie. Jest sekretarzem redakcji „Golokost i suchasnist’” (‘Holokaust i współczesność’), periodyku naukowego UCHS.	holocaust_studies@sf.ukrtel.net	Authors INFO (t. 1–18)	
Weigl	Prof. dr hab. Barbara Weigl	https://orcid.org/0000-0001-6160-8931	Akademia Pedagogiki Specjalnej im. Marii Grzegorzewskiej w Warszawie / SWPS	Dr hab. Barbara Weigl, psycholog; aktualnie jest dyrektorem Instytutu Psychologii Stosowanej w Akademii Pedagogiki Specjalnej im. Marii Grzegorzewskiej w Warszawie. Jest redaktorką naczelną czasopisma „Psychologia Wychowawcza” i współredaktorką serii wydawniczej „Romowie”.	bweigl@swps.edu.pl	Authors INFO (t. 1–18); ORCID: kopia DataChief (25.07.2026), nazwisko zgodne z rekordem ORCID 30.09.2026	
Wesołkin	Wojciech Marian Wesołkin			Ekonomista, regionalista, przewodnik turystyczny - górski I klasy na obszar całych Beskidów, instruktor przewodnictwa. Organizator i uczestnik wypraw w Karpaty, Alpy, góry Armenii, Bałkanów, Gruzji, Pakistanu, Peru i tureckiej części Kurdystanu. Autor prac popularnonaukowych o historycznej Ziemi Sanockiej... Od wielu lat pracuje w stowarzyszeniach i instytucjach działających na rzecz rozwoju krajoznawstwa i gospodarki turystycznej w południowo-wschodniej Polsce. Jest członkiem PTTK, Towarzystwa Karpackiego i Towarzystwa Opieki nad Zabytkami...		dane okładki nr 18	brak w rejestrze Authors INFO; afiliacja w nr 18: [bez afiliacji akademickiej — ekonomista, regionalista, przewodnik turystyczny]
Weychert	Monika Weychert (Monika Weychert-Waluszko)	https://orcid.org/0000-0003-3941-0800	Interdyscyplinarne Studia Doktoranckie (SWPS Uniwersytet Humanistycznospołeczny w Warszawie)	Monika Weychert, Absolwentka Filologii Polskiej Uniwersytetu Mikołaja Kopernika w Toruniu, gdzie obroniła w 1998 pracę magisterską: Postać Cygana w kulturze polskiej – mit czy stereotyp; Zarządzania jednostkami kultury oraz Kulturoznawstwa na Uniwersytecie Adama Mickiewicza w Poznaniu a także Podyplomowych Studiów Kuratorskich na Uniwersytecie Jagiellońskim w Krakowie. Obecnie studiuje na Interdyscyplinarnych Studiach Doktoranckich (SWPS Uniwersytet Humanistycznospołeczny w Warszawie) pisząc pracę Niewidzialna Zagłada. Romska sztuka jako „bunt podporządkowanych Innych” . W Toruniu prowadziła m.in. niezależną galerię dla… (2000–2008), była związana z warszawską Galerią Foksal i Muzeum Rzeźby im. Xawerego Dunikowskiego w Królikarni. Kuratorka kilkudziesięciu wystaw m.in. Domy srebrne jak namioty, Zachęta-Narodowa Galeria Sztuki, Warszawa 2013 i Muzeum Współczesne Wrocław 2014; redaktorka katalogu tej wystawy pt Romano kher. O romskiej sztuce, tradycji i doświadczeniu.	weychert@gmail.com	Authors INFO (t. 1–18); ORCID: kopia DataChief (25.07.2026), nazwisko zgodne z rekordem ORCID 30.09.2026	
Zahova	Dr Sofiya Zahova	https://orcid.org/0000-0002-7222-3313	Instytut Etnologii i Studiów nad Folklorem Bułgarskiej Akademii Nauk	Dr Sofiya Zahova, pracownik naukowy w Instytucie Etnologii i Studiów nad Folklorem Bułgarskiej Akademii Nauk. Jej naukowe zainteresowania to: etniczność, studia bałkańskie, Romowie/Cyganie, mniejszości. Autorka wielu publikacji.	szahova@yahoo.com	Authors INFO (t. 1–18); ORCID: kopia DataChief (25.07.2026), nazwisko zgodne z rekordem ORCID 30.09.2026	
