institution	ror	ror_name	source
Biuro Badań Historycznych, Instytut Pamięci Narodowej			no confident ROR match 30.09.2026
Bułgarska Akademia Nauk	https://ror.org/01x8hew03	Bulgarian Academy of Sciences	ROR search by the English name, exact name match 30.09.2026 (check)
IFLA (Haga, Holandia)	https://ror.org/026gatw61	International Federation of Library Associations and Institutions	ROR search by the English name, exact name match 30.09.2026 (check)
Instytut Etnologii i Antropologii Kulturowej, Uniwersytet Wrocławski	https://ror.org/00yae6e25	University of Wrocław	ROR affiliation match (chosen) 30.09.2026
Instytut Kulturoznawstwa Uniwersytetu Wrocławskiego	https://ror.org/00yae6e25	University of Wrocław	ROR search by the English name, exact name match 30.09.2026 (check)
International Research Centre „Work and Human Lifecycle in Global History”, Humboldt-Universität zu Berlin	https://ror.org/01hcx6992	Humboldt-Universität zu Berlin	ROR affiliation match (chosen) 30.09.2026
Katedra Historii Społecznej i Edukacji, Uniwersytet Marii Curie-Skłodowskiej	https://ror.org/015h0qg34	Maria Curie-Skłodowska University	ROR affiliation match (chosen) 30.09.2026
Katedra Historii, Washington University w St. Louis	https://ror.org/01yc7t268	Washington University in St. Louis	ROR search by the English name, exact name match 30.09.2026 (check)
Muzeum Okręgowe w Tarnowie (Muzeum Ziemi Tarnowskiej)			no confident ROR match 30.09.2026
Uniwersytet Ekonomiczny w Krakowie	https://ror.org/0262te083	Krakow University of Economics	ROR affiliation match (chosen) 30.09.2026
Uniwersytet Pedagogiczny w Krakowie	https://ror.org/030mz2444	Uniwersytet Komisji Edukacji Narodowej w Krakowie	ROR affiliation match (chosen) 30.09.2026
Wydział Filologii Polskiej i Klasycznej, Uniwersytet im. Adama Mickiewicza w Poznaniu	https://ror.org/04g6bbq64	Adam Mickiewicz University in Poznań	ROR affiliation match (chosen) 30.09.2026
Wydział Historii, Gonzaga University	https://ror.org/03ze70h02	Gonzaga University	ROR affiliation match (chosen) 30.09.2026
Zakład Mobilności i Migracji, Instytut Etnologii Czeskiej Akademii Nauk	https://ror.org/01qj7sc02	Czech Academy of Sciences, Institute of Ethnology	ROR search by the English name, exact name match 30.09.2026 (check)
Zakład Profilaktyki Społecznej i Resocjalizacji, Uniwersytet Jagielloński	https://ror.org/03bqmcz70	Jagiellonian University	ROR affiliation match (chosen) 30.09.2026
