concept_id	domain	en_term	en_variants	sense	pl_house	pl_family	status	pl_standing	pl_variants	avoid	first_use	grammar	note	evidence	precedent	decided
C-0001	THEORY	racialization	racialization | racialisation | racialized | racialised | racializing | racialising		urasowienie	urasowiony | poddany urasowieniu | urasawiać | urasawianie | urasawiany (imperfective, MB 27.09.2026 D8 b; regular -owić → -awiać, as ustanowić → ustanawiać)	HOUSE	ESTABLISHED	poddawani rasowej kategoryzacji — SRom 18/2025, Takács (periphrasis; allowed secondary, MB 27.09.2026)		urasowienie (*racialization*), original spelled as in the source	n., gen. urasowienia. Vol. 18 has one imperfective form of each shape: urasowiania (Ostendorf, l. 611) and urasawiane (participle). The family's imperfective member must be fixed once (1.3.1).	Process sense; keep distinct from the adjective rasowy, which also means 'pedigree'. Other Polish variants to be surveyed in 1.3.1 (for information only: the row is locked). Nowak gives her own English title as «Racialisation of the nation», a native author equating the two terms. Ruling MB 27.09.2026: urasowienie is the canonical term; the periphrasis „poddawani rasowej kategoryzacji” is allowed as a secondary form for style (to avoid repetition where the term recurs densely) or where a grammatical construction works better. Never as the first occurrence.	J. Nowak, Urasowienie narodu i przenarodowienie rasy, czyli o dwukierunkowej transformacji w polskiej refleksji romantycznej, „Klio”, 2024, t. 72, nr 3, s. 133–155, DOI: 10.12775/KLIO.2024.046 | P. Małczyński, „Rasa” a nacjonalizm. W stronę „urasowienia” narodu, CEJSH: https://cejsh.icm.edu.pl/cejsh/element/bwmeta1.element.desklight-ea5820f0-be2c-4383-b0bc-0888e44cbe43	SRom 18/2025, Fotta, l. 61: «splecionej matrycy urasowienia» | SRom 18/2025, Ostendorf, l. 611: «urasowiania (racialization)» | SRom 18/2025, Ostendorf, md ostendorf: «urasowiania» | SRom 18/2025, Fotta, md fotta: «procesów urasowienia»	24.09.2026 MB (vol. 18 precedent) ; imperfective 27.09.2026 MB (D8 b)
C-0002	THEORY	subaltern	subaltern | subalterns | the subaltern		subaltern	subalterni (pl.) | OPEN: adjective | OPEN: subalternity	HOUSE	UNCHECKED			bracketed original omitted where the Polish form equals the English; quotation marks follow the source	m. pers.; gen. subalterna, pl. subalterni, gen. pl. subalternów	Precedent rests on a single occurrence, an allusion to Spivak's title; the lock covers the personal noun. Quotations from Spivak follow the published Polish translation (kanon draft § 12.2.4 a), whatever its wording; that translation is to be identified in 1.3.1. Possible interference with the dated Polish adjective subalterny 'subordinate, junior (officer)'.		SRom 18/2025, Ostendorf, l. 1122: «subalterni mogą»	24.09.2026 MB (vol. 18 precedent)
C-0003	THEORY	interlocking matrix	interlocking matrix | interlocking matrices		spleciona matryca	splecionej matrycy (gen.) | splecioną matrycę (acc.) | OPEN: sibling terms from Patricia Hill Collins (matrix of domination; interlocking systems of oppression)	HOUSE	UNCHECKED			spleciona matryca (*interlocking matrix*)	f.; the participle agrees in case	RANK-2 applies to the Collins sibling terms: they are to be rendered coherently with this row once decided.		SRom 18/2025, Fotta, l. 61: «splecionej matrycy urasowienia» | SRom 18/2025, Fotta, l. 63: «interlocking matrix of racialization»	24.09.2026 MB (vol. 18 precedent)
C-0004	NEOLOGISM	absence-ing	absence-ing		u-nieobecnianie	u-nieobecniania (gen.) | OPEN: verb | OPEN: participles	HOUSE	COINED			„u-nieobecnianie” (*absence-ing*)	n., verbal noun; the hyphen is kept in every form	Author's coinage (Ann Ostendorf). Vol. 18 sets it in quotation marks throughout and gives the original only in the abstract; from vol. 19 the original follows the first occurrence in the body (kanon § 4.3).		SRom 18/2025, Ostendorf, l. 191: «Owo „u-nieobecnianie”» | SRom 18/2025, Ostendorf, l. 1404: «„u-nieobecnianie” (absence-ing)»	24.09.2026 MB (vol. 18 precedent)
C-0005	HISTORY	gypsylorist	gypsylorist | gypsylorists | Gypsylorist | Gypsylorists | gypsylorism | Gypsylorism | gypsiology | Gypsiology		cyganolog	cyganolodzy (pl.) | cyganologiczny (adj.) | cyganologia | gypsylorysta / gypsyloryści (context variant, see note)	HOUSE	UNCHECKED	gypsyloryści — coinage, not in broad use (MB 27.09.2026)		„cyganolodzy” (*gypsylorists*); with the context variant: „gypsyloryści” (*gypsylorists*)	m. pers.; pl. cyganolodzy, gen. pl. cyganologów; gypsylorysta, pl. gypsyloryści	Context rule (MB 27.09.2026): default „cyganolodzy” (vol. 18 precedent). Polish cyganolog is close to neutral, while English 'gypsylorist' is pejorative; where a text criticises the old-school scholars as a group and needs to set them apart, „gypsyloryści” may be used instead. The choice is made per article and recorded in the review sheet; one form per article. Brazilian 'Ciganologia' (Fotta) → „cyganologia” („Ciganologia”) per the vol. 18 precedent.		SRom 18/2025, Ostendorf, l. 806: «opracowania „cyganologiczne”» | SRom 18/2025, Fotta, md fotta: «brazylijskiej „cyganologii” („*Ciganologia*”)»	27.09.2026 MB (vol. 18 precedent + context rule) ; gypsiology 27.09.2026 MB (D8 g)
C-0006	METHOD	Romani studies	Romani studies | Romani Studies | Critical Romani Studies | critical Romani studies		romologia	romolog | romologiczny | krytyczne studia romskie (the field; the journal Critical Romani Studies keeps its title)	HOUSE	UNCHECKED	studia romskie — SRom 18/2025, Fotta (allowed for style, MB 27.09.2026 D8 a)		romologia (*Romani studies*)	f., gen. romologii	Canonical romologia (the journal's own name, Studia Romologica); „studia romskie” allowed for style (MB 27.09.2026, D8 a). Vol. 18 had both. Critical Romani Studies: as a journal title it stays in the original; as a field, „krytyczne studia romskie” (Fotta).		SRom 18/2025, Ostendorf, md ostendorf: «badaczy romologicznych» | SRom 18/2025, Fotta, md fotta: «w dziedzinie studiów romskich» | SRom 18/2025, Marushiakova/Popov, md dom: «zarania romologii»	27.09.2026 MB (D8)
C-0007	THEORY	antigypsyism	antigypsyism | anti-Gypsyism | antiziganism | antigypsy | anti-Gypsy		antycyganizm	antycygański (adj.)	HOUSE	UNCHECKED		antyromski for antigypsy – a different concept ('anti-Roma'), used in vol. 18 only for anti-Roma (Takács, Ostendorf)	antycyganizm (*antigypsyism*), original spelled as in the source	m., gen. antycyganizmu	antiziganism is rendered the same (vol. 18, Marushiakova/Popov: „antycyganizmem (antiziganism)”).		SRom 18/2025, Fotta, md fotta: «logikę antycyganizmu» | SRom 18/2025, Marushiakova/Popov, md dom: «antycyganizmem (antiziganism)» | SRom 18/2025, Fotta, md fotta: «antycygańskich klisz»	27.09.2026 MB (D8)
C-0008	THEORY	racial project	racial project | racial projects		projekt rasowy	projektu rasowego | projekty rasowe | projektach rasowych	HOUSE	UNCHECKED			projekt rasowy (*racial project*)	m.	Omi and Winant's term; sibling of C-0009 (RANK-2: render coherently).		SRom 18/2025, Fotta, md fotta: «rozmaitych projektach rasowych»	27.09.2026 MB (D8)
C-0009	THEORY	racial formation	racial formation | racial formations		formacja rasowa	formacji rasowej | formacje rasowe	HOUSE	UNCHECKED			formacja rasowa (*racial formation*)	f.	Omi and Winant's term; sibling of C-0008.		SRom 18/2025, Fotta, md fotta: «przygodna formacja rasowa»	27.09.2026 MB (D8)
C-0010	METHOD	umbrella term	umbrella term | umbrella terms		określenie zbiorcze	określenia zbiorczego	HOUSE	UNCHECKED	termin zbiorczy — SRom 18/2025, Marushiakova/Popov (once, style variant)			n.	Used of 'Roma' as a political umbrella term in European documents.		SRom 18/2025, Marushiakova/Popov, md dom: «jako określenie zbiorcze obejmujące» | SRom 18/2025, Marushiakova/Popov, md dom: «terminu zbiorczego»	27.09.2026 MB (D8)
C-0011	METHOD	historicization	historicization | historicisation | historicize | historicise | historicized | historicizing		historyzacja	historyzować | historyzowanie | OPEN: perfective (zhistoryzować)	HOUSE	UNCHECKED				f., gen. historyzacji	Ostendorf's central method term (with ahistoriography, ahistoryczny).		SRom 18/2025, Ostendorf, md ostendorf: «braku historyzacji»	27.09.2026 MB (D8)
C-0012	THEORY	white supremacy	white supremacy | white supremacist		biała supremacja	białosupremacyjny (adj.)	HOUSE	ESTABLISHED		supremacja białych	biała supremacja (*white supremacy*)	f., gen. białej supremacji	A system of domination (Mills), not only an ideology or movement.	MB verified 28.09.2026		28.09.2026 MB (D11, Ndiaye)
C-0013	IDENTITY	Blackness	Blackness | blackness		czarność		HOUSE	ESTABLISHED			czarność (*Blackness*)	f., gen. czarności	Racial adjectives in lower case per Polish spelling: czarni / biali, also where the author capitalises Black / white (MB, D11). Sibling: romskość (*Romaness*).	MB verified 28.09.2026		28.09.2026 MB (D11, Ndiaye)
C-0014	METHOD	Black studies	Black studies | Black Studies		studia nad czarnością		HOUSE	ESTABLISHED			studia nad czarnością (*Black studies*)	pl. tantum, gen. studiów nad czarnością	The field; journal and programme names stay in the original.	MB verified 28.09.2026		28.09.2026 MB (D11, Ndiaye)
C-0015	THEORY	racial matrix	racial matrix | interlocking matrix of racialization		matryca rasowa		HOUSE	ESTABLISHED			matryca rasowa (*racial matrix*)	f., gen. matrycy rasowej	Consistent with vol. 18 (Fotta: „splecionej matrycy urasowienia”, C-0001); sibling of C-0008, C-0009.	MB verified 28.09.2026		28.09.2026 MB (D11, Ndiaye)
C-0016	THEORY	racial capitalism	racial capitalism		kapitalizm rasowy		HOUSE	ESTABLISHED			kapitalizm rasowy (*racial capitalism*)	m., gen. kapitalizmu rasowego	Robinson's term.	MB verified 28.09.2026		28.09.2026 MB (D11, Ndiaye)
C-0017	METHOD	critical race theory	critical race theory | critical race studies | critical race scholars		krytyczna teoria rasy	krytyczne studia nad rasą (critical race studies)	HOUSE	ESTABLISHED			krytyczna teoria rasy (*critical race theory*)	f., gen. krytycznej teorii rasy	Early modern critical race studies → krytyczne studia nad rasą w epoce wczesnonowożytnej.	MB verified 28.09.2026		28.09.2026 MB (D11, Ndiaye)
C-0018	HISTORY	enslaved	enslaved | enslavement | enslave		zniewoleni	zniewolenie (n.) | zniewalać | zniewolony	HOUSE	ESTABLISHED		niewolnicy (for people, where the author avoids 'slaves')	zniewoleni (*enslaved*)	adj./n. pl.	Respects the author's choice of 'enslaved' over 'slaves'; slavery (the institution) → niewolnictwo; where the source says 'slave', „niewolnik”.	MB verified 28.09.2026		28.09.2026 MB (D11, Ndiaye)
