ID	location	cited work	class	action	status
Q01	n. 3	Ndiaye 2022b (racial scripts)	EN-NO-PL	translator's translation	done
Q02	n. 4	Galletti 2021 (Spanish)	THIRD-LANG	translated from the Spanish original (Galletti, IJRS 3/2, p. 119, open-access PDF)	done
Q03	n. 11	Pasqualigo 1501 (Italian) via Weinstein 1960	THIRD-LANG	from the English translation, annotated in the note; Italian original not located	open
Q04	n. 12	Anchieta (Latin) in Beretario 1617, block quotation	THIRD-LANG	from the author's English, annotated; Latin original not checked	open
Q05	n. 12	Gentleman of Elvas 1557 (Portuguese) via Robertson 1932	THIRD-LANG	from the English translation, annotated; Portuguese original not checked	open
Q06	n. 13	Martínez-Serna 2009	EN-NO-PL	translator's translation	done
Q07	n. 14	Schmidl 1554 (German) via the Spanish 1938 edition	THIRD-LANG	translated from the Spanish of the cited edition (made from the Stuttgart autograph; archive.org; its glossary gives the manuscript word Zigeinner), cross-checked with the Munich manuscript (Trier digital edition, f. 6v: „gleich wie peÿ unß die Zigeiner”)	done
Q08	n. 16	Herzog 2003 (Spanish sources in her English)	THIRD-LANG	from the English, annotated	done
Q09	n. 17	1749 report in Gómez Alfaro 1999 (Spanish)	THIRD-LANG	from the author's English, annotated	done
Q10	n. 18	Campomanes and later proposals in Gómez Alfaro 1999, 1993	THIRD-LANG	from the English, annotated	done
Q11	n. 21	Buenos Aires judge in Herzog 2003	THIRD-LANG	from the English, annotated	done
Q12	n. 23	Paucke 1959 (German)	THIRD-LANG	from the author's English, annotated; German edition not accessible here	open
Q13	n. 24	Roldán 1762 (Spanish) in Galletti 2021, p. 122	THIRD-LANG	translated from the Spanish original quoted by Galletti, annotated	done
Q14	n. 25	Moreno Alonso 1983 (Spanish) / Scarano 1996	THIRD-LANG	from the English, annotated	done
Q15	n. 26	Poisson 1727 (French) in Thwaites vol. 67	THIRD-LANG	translated from the French original (Thwaites vol. 67, p. 314, archive.org jesuitrelationsa67jesuuoft)	done
Q16	n. 27	Berquin-Duvallon 1803 (French)	THIRD-LANG	translated from the French original (p. 32, archive.org vuedelacoloniees00berq)	done
Q17	n. 29	Layssard letters 1772 (archival, French)	THIRD-LANG	from the author's English, annotated	done
Q18	n. 31	Milfort 1802 (French)	THIRD-LANG	translated from the French original (p. 57, archive.org mmoireoucoupdo00milf)	done
Q19	n. 32	Vaudreuil letterbook 1744 (archival, French)	THIRD-LANG	from the author's English, annotated	done
Q20	n. 33	La Chaume 1743 (archival, French) via Ostendorf 2020	THIRD-LANG	from the author's English, annotated	done
Q21	n. 34	Mourt's Relation 1622	EN-NO-PL	translator's translation	done
Q22	n. 35	Penn 1683/1686	EN-NO-PL	translator's translation	done
Q23	n. 37	Penn in Stone 1882	EN-NO-PL	translator's translation	done
Q24	n. 38	Loskiel 1789 (German)	THIRD-LANG	translated from the German original (BSB copy, archive.org 10449812bsb); differs from the author's English ("like our Zigeuner" / "fast wie die Zigeuner"): query; page 167 not verified	open
Q25	n. 40	The Jamaica Lady 1720	EN-NO-PL	translator's translation	done
Q26	n. 41	Bolzius 1751 (German) via Loewald et al. 1957–1958	THIRD-LANG	translated from the German original: Urlsperger, 18. Continuation, Halle 1752, pp. 979–980 (archive.org derachtzehenteco00urls); confirms „Kühe” (not crows) and „um eines Stückes Fleisch … willen” (for the sake of, not sale)	done
Q27	n. 42	Mühlenberg 1774 (German) via Tappert, Doberstein 1945	THIRD-LANG	from the English translation, annotated	done
Q28	n. 43	Maryland advertisement 1767	EN-NO-PL	translator's translation	done
Q29	n. 44	Virginia act of 1792	EN-NO-PL	translator's translation	done
Q30	n. 45	Todd 2009 ("world republic of letters", after P. Casanova)	EN-NO-PL	phrase given as the Polish title of Casanova's book (Światowa republika literatury, WUJ 2017, BN)	done
Q31	n. 46	Cayton 2013	EN-NO-PL	translator's translation	done
Q32	n. 47	Scott, Guy Mannering 1815	PL-EDITION	Polish edition: tłum. A. Przedpełska-Trzeciakowska, NK 1975 (BN): wording and page needed (S1); working translation in the text	open
Q33	n. 48	Hofland 1830	EN-NO-PL	translator's translation	done
Q34	n. 49	National Gazette 1834	EN-NO-PL	translator's translation	done
Q35	n. 50	Sunbury American 1850	EN-NO-PL	translator's translation	done
Q36	n. 51	Clinton 1810	EN-NO-PL	translator's translation	done
Q37	n. 53	The Native American 1838	EN-NO-PL	translator's translation	done
Q38	n. 54	Cherokee Phoenix 1828	EN-NO-PL	translator's translation	done
Q39	n. 55	Pratt 1992	PL-EDITION	Polish edition: Imperialne spojrzenie, tłum. E. E. Nowakowska, WUJ 2011 (BN): wording and page needed (S2); working translation in the text	open
Q40	n. 56	Morgan 2004	EN-NO-PL	translator's translation	done
Q41	n. 57	Foster 1806 in Wollon, Kinard 1952	EN-NO-PL	translator's translation	done
Q42	n. 58	Lambert 1813	EN-NO-PL	translator's translation	done
Q43	n. 59	Niles Weekly Register 1815	EN-NO-PL	translator's translation	done
Q44	n. 60	Vowell 1831	EN-NO-PL	translator's translation	done
Q45	n. 61	Vigne 1833	EN-NO-PL	translator's translation	done
Q46	n. 62	Robinson 2021	EN-NO-PL	translator's translation	done
