adresat;rodzaj;przypis;dzieło;szczegóły
redakcja;strona wydania polskiego (S1) – cytat do podmiany;5;A. Césaire, Rozprawa z kolonializmem, tłum. Z. Jaremko-Pytowska, Czytelnik 1950;"„boomerang effect of colonization” – brzmienie i strona wydania polskiego; w tekście przekład roboczy z angielskiego. Po ustaleniu: wpis do pahulich_refs_tlum.json i odesłanie autorki po średniku (Kanon § 12.2.4 a)."
redakcja;strona wydania polskiego (S2) – cytat do podmiany;10;A. Fraser, Dzieje Cyganów, tłum. E. Klekot, PIW 2001;"„ugly in appearance and black as Tartars” (oryg. s. 67) – brzmienie i strona wydania polskiego."
redakcja;strona wydania polskiego (S3) – cytat do podmiany;25;A. Fraser, Dzieje Cyganów, PIW 2001;"„thievish race of men” (oryg. s. 85) – brzmienie i strona wydania polskiego."
redakcja;strona polskiego oryginału (S4) – cytat do podmiany;76;L. Mróz, Dzieje Cyganów-Romów w Rzeczypospolitej XV–XVIII w., DiG 2001;"„a time of fundamental transformation” (CEU 2015, s. 11) – wydanie CEU jest przekładem (tłum. J. Fomina; BN): brzmienie i strona polskiego oryginału."
redakcja;strona wydania polskiego (S5) – cytat do podmiany;112;S. Federici, Kaliban i czarownica, tłum. K. Król, Karakter 2025;"Cytat z s. 64 oryginału („the Enclosures, the Witch-Hunt…”) – brzmienie i strona; także forma „wtórne poddaństwo” u Króla."
redakcja;strona wydania polskiego (S6) – cytat do podmiany;113;S. Federici, Kaliban i czarownica, Karakter 2025;"„[…] on the horizon, we have the rise of the slave trade…” – autorka nie podaje strony; brzmienie i strona wydania polskiego."
redakcja;strona wydania polskiego (S7) – cytat do podmiany;114;S. Federici, Kaliban i czarownica, Karakter 2025;"Dwa cytaty z s. 69–70 oryginału (open-field system; „the shacks of poor cottagers…”) – brzmienie i strona."
redakcja;oryginał cytatu (S8);86;@dal1883;"Frazy „black-complexioned”, „white Russian face”, „black face”, „savageness” – tekst rosyjski nieodnaleziony (nie ma ich w «Цыганка», 1830); w tekście przekład z angielskiego autorki z adnotacją. Pytanie do autorki: tytuł utworu z t. 6 (1883), s. 140–142, i rok 1848."
redakcja;oryginał cytatu (S9);85;@lewy2000;"Thomasius cytowany za angielskim przekładem Lewy’ego; oryginał łaciński nieodszukany. W tekście przekład z angielskiego z adnotacją."
redakcja;decyzja: podstawa przekładu cytatów (S10);88;@grellmann1807;"Kanon § 12.2.4 c wymaga przekładu z oryginału, gdy jest dostępny (niemiecki 1787 jest dostępny). Wydanie angielskie 1807, które cytuje autorka, różni się od niemieckiego w miejscach istotnych dla wywodu (research/grellmann_de.md). Rekomendacja: przekład z wydania 1807 + przypisy tłumacza tam, gdzie niemiecki różni się istotnie. Dotyczy przyp. 88–96, 106, 132–135."
autorka;atrybucja cytatu;132;@grellmann1807;"„for the purpose of civilising… scarcely deserving to be considered as human beings” (1807, s. 108): zdanie wydaje się dodatkiem angielskiego wydawcy z 1807 r. – nie ma go w przekładzie Rapera z 1787 r. ani (według OCR) w niemieckim oryginale. Czy autorka potwierdza atrybucję Grellmannowi?"
autorka;wątpliwość rzeczowa;79;—;"„the Austro-Hungarian sovereigns Maria Theresa and Joseph II” – Austro-Węgry istnieją od 1867 r. Przekład jak w oryginale; propozycja: „habsburskich władców”."
autorka;wątpliwość rzeczowa;42;@crowe2007;"„in Royal Habsburg Hungary in the fifteenth century” – habsburskie Węgry Królewskie istnieją od 1526 r. Przekład jak w oryginale."
autorka;wątpliwość rzeczowa;40;@crowe2007;"„Only in the early nineteenth century, Moldavia’s ruler Ghica outlawed…” – który Ghica? Zakaz rozdzielania rodzin przypisuje się zwykle Grzegorzowi III Ghice (1766); Grigore Alexandru Ghica panował w Mołdawii w latach 1849–1856. Sprawdzić Crowe 2007, s. 118."
autorka;wątpliwość rzeczowa;86;@dal1883;"„In 1848, Vladimir Dal’…” – tytuł i rok utworu (zob. S8)."
autorka;informacja;125;—;"Przyłuski, Leges seu statuta…: BN datuje wydanie na 1551 r. (autorka: 1553). Przekład jak w oryginale."
autorka;informacja;126;—;"Münster: Cosmographiae universalis (łac.) to 1550 r.; 1544 to niemiecka Cosmographia. Przekład jak w oryginale."
redakcja;odsyłacz wewnętrzny;67;—;"„as explained in note 1” → „w przypisie 2” (przypis autorki nr 1 ma po konwersji numer 2). Zmieni się, jeśli MB połączy przypisy 1 i 2 (D17 A2)."
redakcja (srom-typeset);refs.json – przekład tytułu [ ];48;@chervinski2008;"Glosa bez podtytułu. Propozycja: „Tatarzy i Cyganie na terytorium Wielkiego Księstwa Litewskiego: status prawny i społeczny”."
redakcja (srom-typeset);refs.json – przekład tytułu [ ];43;@horvathova1964;"Glosa bez podtytułu. Propozycja: „Cyganie na Słowacji: szkic historyczno-etnograficzny”."
redakcja (srom-typeset);refs.json – przekład tytułu [ ];45;@zinevych2001;"Glosa bez podtytułu. Propozycja: „Cyganie na Ukrainie: kształtowanie się etnosu i stan obecny”."
redakcja (srom-typeset);refs.json – przekład tytułu [ ];86;@dal1883;"Glosa bez podtytułu. Propozycja: „Dzieła W.I. Dala: powieści i opowiadania”."
redakcja (srom-typeset);refs.json – przekład tytułu [ ];70;@kirei1984;"„otechestvennoĭ” = ‘rodzimej, krajowej’, nie ‘rosyjskiej’. Propozycja: „…w przedrewolucyjnej etnografii rodzimej”."
