article_id,doi_suffix,doi,landing_url,pdf_url,journal_title,issn,volume,year,issue_signature,issue_theme,publisher,pub_date_online,section_nr,section_label,seq,title_pl,title_en,authors_display,authors_struct,affiliation_display,orcid_display,abstract_pl,abstract_en,keywords_pl,keywords_en,bio_note,pages,pages_from,pages_to,pdf_file,language,license,license_url,is_translation,original_title,original_source,original_doi,translators_struct
SROM-18-2025-001,n61tj1yi,10.68100/n61tj1yi,https://studiaromologica.pl/articles/10.68100/n61tj1yi/,https://studiaromologica.pl/wp-content/uploads/archive/18-2025/SROM_18_2025_Ostendorf_Historia_Romow_amerykanskich.pdf,Studia Romologica,1689-4758,18,2025,SROM·18·2025,Romski Atlantyk,Komitet Opieki nad Zabytkami Kultury Żydowskiej w Tarnowie,2025-12-TODO,I,Część I,1,Historia Romów amerykańskich. Historyczne nieobecności i ich konsekwencje,Romani American history: Historical absences and their consequences,Ann Ostendorf,"Ann|Ostendorf|Wydział Historii, Gonzaga University|https://orcid.org/0000-0001-9421-9385","Wydział Historii, Gonzaga University",https://orcid.org/0000-0001-9421-9385,"Amerykańscy historycy wytworzyli „historyczną nieobecność” Romów, ignorując ich obecność w źródłach. To „u-nieobecnianie” (absence-ing) wynika z wpływu przestarzałych paradygmatów poznawczych. Zrozumienie tego zjawiska wymaga analizy samej dyscypliny historycznej oraz dziejów braku historyzacji tej grupy. Wykluczenie to uderza w cztery grupy: historyków obu Ameryk, badaczy Romów w Europie, romologów amerykańskich oraz samych Romów. Doświadczana przez nich krzywda narasta, systemowo utrwalając niesprawiedliwość epistemiczną.","American historians have created an historical absence by ignoring Romani people’s presence in evidence from the past. The origins of this „absence-ing” are multifaceted and interrelated, but fundamentally stem from the continued influence of out-of-date and unprofessional ways of thinking and knowing. Examining and understanding „absence-ing” requires a consideration of the nature of the discipline of history as well as a history of the missing historicization of Romani Americans. The consequences of the „absence-ing” of Romani people from American histories have negatively and distinctively influenced four different groups of people: historians of the Americas; historians of Romani people in Europe; Romani studies scholars of the Americas who are not historians; and Romani Americans. The harm that each of these four groups experiences builds upon and influences the others. Epistemic injustice is thus perpetuated in linked ways.","Romowie amerykańscy, historia, historiografia, Ameryka Północna, Ameryka Południowa, Stany Zjednoczone, świat atlantycki, transatlantycki, nieobecność, milczenie, niesprawiedliwość epistemiczna","Romani Americans, history, historiography, North America, South America, United States, Atlantic World, trans-Atlantic, absence, silence, epistemic injustice","Uzyskała tytuł licencjata (B.A.) w dziedzinie historii na St. Louis University oraz stopień doktora (Ph.D.) historii amerykańskiej na Marquette University. Wykłada przedmioty z zakresu historii i kultury Ameryki epoki kolonialnej oraz wczesnych Stanów Zjednoczonych. Jej zainteresowania badawcze obejmują zagadnienia kultury, rasy, nacjonalizmu, historię Luizjany oraz studia romskie. Jest autorką monografii Sounds American: National Identity and the Music Cultures of the Lower Mississippi River Valley, 1800-1860... W roku akademickim 2019/2020, w ramach stypendium Fulbrighta, pełniła funkcję wykładowcy wizytującego na Uniwersytecie Tokijskim oraz Japan Women’s University.",11–50,11,50,SROM_18_2025_Ostendorf_Historia_Romow_amerykanskich.pdf,pl,CC-BY,https://creativecommons.org/licenses/by/4.0/,TAK,Romani American history: Historical absences and their consequences,"„Romani Studies”, 2024, t. 34, nr 1 (Liverpool University Press), CC BY 4.0",,Michał|Bartosz||
SROM-18-2025-002,cym0g8qr,10.68100/cym0g8qr,https://studiaromologica.pl/articles/10.68100/cym0g8qr/,https://studiaromologica.pl/wp-content/uploads/archive/18-2025/SROM_18_2025_Fotta_Romowie_w_splecionej_matrycy_urasowienia.pdf,Studia Romologica,1689-4758,18,2025,SROM·18·2025,Romski Atlantyk,Komitet Opieki nad Zabytkami Kultury Żydowskiej w Tarnowie,2025-12-TODO,I,Część I,2,Romowie w splecionej matrycy urasowienia. Jak w Brazylii oskarżono Ciganos o sprowadzenie choroby zakaźnej,Romanies within the interlocking matrix of racialization: How Ciganos in Brazil became accused of introducing an infectious disease,Martin Fotta,"Martin|Fotta|Zakład Mobilności i Migracji, Instytut Etnologii Czeskiej Akademii Nauk|https://orcid.org/0000-0002-3037-317X","Zakład Mobilności i Migracji, Instytut Etnologii Czeskiej Akademii Nauk",https://orcid.org/0000-0002-3037-317X,"Brazylijskie teksty medyczne tworzą niekiedy powiązanie między Ciganos (Romami) a rozprzestrzenianiem się jaglicy – zakaźnej choroby oczu. Twierdzenie to przybrało standardową formę i brzmi mniej więcej tak: jaglica została sprowadzona do kraju w XVIII wieku przez Ciganos, wygnanych z Portugalii do prowincji Maranhão i Ceará. Niniejszy artykuł śledzi genezę tego twierdzenia, wskazując na grupę okulistów z północno-wschodniej Brazylii (Nordeste), działających na początku XX wieku, zwłaszcza w Ceará. Tekst ujawnia, że w tezę tę wpisanych jest szereg projektów rasowych, i dowodzi konieczności relacyjnego podejścia do dynamiki urasowienia Romów. Analiza społecznej pozycji Romów, cech im przypisywanych w stosunku do innych społeczności oraz sposobów, w jakie owe wspólnoty były urasawiane, nie tylko przynosi nowe spostrzeżenia, ale także przełamuje utrzymującą się izolację studiów romskich (Romani studies).","Brazilian medical texts sometimes forge a link between Ciganos (Romanies) and the spread of trachoma, an infectious eye disease. The form of the claim has become standardized into something like this: trachoma was brought to the country in the eighteenth century by Ciganos who were deported from Portugal to the provinces of Maranhão and Ceará. This article traces the origins of this claim to a group of early twentieth-century ophthalmologists from Northeast Brazil, particularly in Ceará. It reveals that several racial projects are folded into the claim and makes a case for the need to approach the dynamics of racialization of Romanies relationally. The analysis of the Romani societal position, characteristics ascribed to them in relation to other communities, and the ways those communities are racialized not only reveals new insights but breaches the continued insularity of Romani studies.","Romowie, jaglica, Brazylia, urasowienie relacyjne, zdrowie publiczne","Romanies, trachoma, Brazil, relational racialization, public health",Starszy pracownik naukowy w Zakładzie Mobilności i Migracji Instytutu Etnologii Czeskiej Akademii Nauk oraz kierownik projektu Romani Atlantic. Wykładał na University of Kent oraz odbył staż podoktorski na Uniwersytecie Goethego we Frankfurcie. Stopień doktora uzyskał na uczelni Goldsmiths (University of London). Owocem jego badań wśród Romów z grupy Calon w Brazylii jest monografia From Itinerant Trade to Moneylending in the Era of Financial Inclusion. Jest współredaktorem dwóch prac zbiorowych... W ramach projektu Romani Atlantic prowadzi badania archiwalne i etnograficzne w czterech obszarach luzofońskiego Atlantyku.,51–84,51,84,SROM_18_2025_Fotta_Romowie_w_splecionej_matrycy_urasowienia.pdf,pl,CC-BY,https://creativecommons.org/licenses/by/4.0/,TAK,Romanies within the interlocking matrix of racialization,"„Romani Studies”, 2024, t. 34, nr 1 (Liverpool University Press), CC BY 4.0",,Michał|Bartosz||
SROM-18-2025-003,ctrr87nd,10.68100/ctrr87nd,https://studiaromologica.pl/articles/10.68100/ctrr87nd/,https://studiaromologica.pl/wp-content/uploads/archive/18-2025/SROM_18_2025_Takacs_Serbscy_Cyganie_Augustusa_Shermana.pdf,Studia Romologica,1689-4758,18,2025,SROM·18·2025,Romski Atlantyk,Komitet Opieki nad Zabytkami Kultury Żydowskiej w Tarnowie,2025-12-TODO,I,Część I,3,"„Bogaci czy biedni, ta ziemia jest przed nimi zamknięta”. Serbscy Cyganie Augustusa Shermana i migracja Romów do USA na początku XX wieku","“This land is locked against them, rich or poor”: Augustus Sherman’s Serbian Gypsies and Roma migration to the U.S. during the early 1900s",Louis Takács,"Louis|Takács|IFLA (Haga, Holandia) / Katedra Historii, Washington University w St. Louis|https://orcid.org/0009-0000-6820-1528","IFLA (Haga, Holandia) / Katedra Historii, Washington University w St. Louis",https://orcid.org/0009-0000-6820-1528,"Wielopokoleniowa rodzina Estevanovichów – najprawdopodobniej Romowie z grupy Maczwajów z Serbii – dotarła na wyspę Ellis z Buenos Aires 23 lipca 1904 roku. Dwudziestoosobowa grupa doświadczonych miedzynarodowych podróżników, zamierzała dołączyć do bliskich w St. Louis. Zamiast tego migranci zostali zatrzymani i w trybie doraźnym uznani za „osoby mogące stanowić obciążenie dla finansów publicznych”. Mimo wynajęcia prawnika i serii odwołań, nie zdołali pokonać niepisanych dyskryminujących zasad, skazujących Romów na wydalenie. W czasie ponad dziesięciotygodniowego zatrzymania, urzędnik Ellis Island, Augustus F. Sherman, wykonał im serię fotografii. Jego słynny portret zatytułowany Serbscy Cyganie stanowi w niniejszym artykule punkt wyjścia do pogłębionej analizy wczesnodwudziestowiecznych transatlantyckich migracji romskich.","The extended Estevanovich family—likely Macvaya Roma originating from Serbia – arrived at Ellis Island from Buenos Aires on July 23, 1904. This group of 20, already possessing a highly developed transnational mobility skill set, intended to join relatives in St. Louis. Instead, upon landing, they were immediately detained and summarily declared a „Likely Public Charge”. Despite hiring legal counsel, presenting testimonies, and filing formal appeals, they could not overcome the discriminatory, unwritten practices that singled out Roma for exclusion. After over ten weeks in detention, the entire group was deported back to South America. During their confinement, Augustus Sherman, an Ellis Island official, captured several portraits of the family. His famous Servian Gypsies photograph serves as the starting point for this article’s deeper examination of early twen-tieth-century transatlantic Roma migration.","deportacje, Ellis Island, imigracja, migracje transatlantyckie, mobilność, polityka graniczna, przesiedlenia, Romowie, Romowie amerykańscy","Border management, Ellis Island, Deportation, Displacement, Immigration, Mobility, Roma, Romani Americans, Transatlantic migration","Ukończył studia licencjackie z antropologii i filozofii, a następnie uzyskał tytuł magistra w dziedzinie informacji naukowej i technologii uczenia się na Uniwersytecie Missouri w Columbii. Pracuje jako menedżer ds. komunikacji w Międzynarodowej Federacji Stowarzyszeń i Instytucji Bibliotekarskich (IFLA) w Hadze, w Holandii, oraz jako asystent badawczy w Katedrze Historii na Uniwersytecie Waszyngtonskim w St. Louis, Missouri. Obecnie pracuje nad filmem dokumentalnym oraz kilkoma projektami muzealnymi dotyczącymi migracji i transnarodowości... Mieszka w Amsterdamie.",85–126,85,126,SROM_18_2025_Takacs_Serbscy_Cyganie_Augustusa_Shermana.pdf,pl,TODO,TODO,ADAPTACJA,,Adaptacja publikacji cyfrowej Scalar (2025) — warunki źródłowe do potwierdzenia,,
SROM-18-2025-004,tzxrqr9u,10.68100/tzxrqr9u,https://studiaromologica.pl/articles/10.68100/tzxrqr9u/,https://studiaromologica.pl/wp-content/uploads/archive/18-2025/SROM_18_2025_Krysinska-Kaluzna_Porque_gitano_soy.pdf,Studia Romologica,1689-4758,18,2025,SROM·18·2025,Romski Atlantyk,Komitet Opieki nad Zabytkami Kultury Żydowskiej w Tarnowie,2025-12-TODO,I,Część I,4,Porque gitano soy – romskie historie z Ameryki Łacińskiej,Porque gitano soy – Roma Stories from Latin America,Magdalena Krysińska-Kałużna,"Magdalena|Krysińska-Kałużna|Instytut Etnologii i Antropologii Kulturowej, Uniwersytet Wrocławski|https://orcid.org/0000-0003-0489-7620","Instytut Etnologii i Antropologii Kulturowej, Uniwersytet Wrocławski",https://orcid.org/0000-0003-0489-7620,"Obecność Romów w Ameryce Łacińskiej sięga okresu kolonialnego, jednak zagadnienie uczestniczenia tych społeczności w historii politycznej regionu pozostaje marginalizowane w badaniach akademickich. Literatura genealogiczna sugeruje romskie korzenie części latynoamerykańskich elit, wynikające z procesów migracyjnych i asymilacyjnych, a braki w danych genealogicznych wiąże z historyczną marginalizacją. Celem wystąpienia jest przedstawienie wybranych postaci pochodzenia romskiego, które były aktywne w życiu politycznym krajów pochodzenia bądź mają wpływ na losy własnych społeczności, ze szczególnym uwzględnieniem przykładów z Brazylii i Kolumbii.","The presence of Roma in Latin America dates back to the colonial period, but the participation of these communities in Latin American political history remains largely marginalised in academic research. Genealogical literature suggests that part of the Latin American elite has Romani roots, resulting from migration and assimilation processes, and links gaps in genealogical data to historical marginalisation. The aim of this presentation is to introduce selected figures of Romani origin who were active in the political life of their countries or who currently have a direct influence on their own communities, focusing on Brazil and Colombia.","Ameryka Łacińska, Brazylia, Kolumbia, mniejszości etniczne, Romowie, Rrom","Brazil, Colombia, ethnic minorities, Latin America, Roma, Rrom","Antropolożka kultury, pracuje w Instytucie Etnologii i Antropologii Kulturowej Uniwersytetu Wrocławskiego. Badawczo zajmuje się antropologią prawa, Ameryką Łacińską, a także kwestiami związanymi z wielokulturowością, prawami człowieka, przemocą kulturową, konfliktem, dyskryminacją. Współprowadziła projekt „Sąsiedztwo – moje miejsce na mapie” realizowany wspólnie z mniejszością romską.",127–136,127,136,SROM_18_2025_Krysinska-Kaluzna_Porque_gitano_soy.pdf,pl,TODO,TODO,,,,,
SROM-18-2025-005,jg4fdx4d,10.68100/jg4fdx4d,https://studiaromologica.pl/articles/10.68100/jg4fdx4d/,https://studiaromologica.pl/wp-content/uploads/archive/18-2025/SROM_18_2025_Gontarek_Reduta_Wawelska_1944.pdf,Studia Romologica,1689-4758,18,2025,SROM·18·2025,Romski Atlantyk,Komitet Opieki nad Zabytkami Kultury Żydowskiej w Tarnowie,2025-12-TODO,II,Część II,5,„Reduta Wawelska” 1944 rok – przemilczana historia udziału Romów w walkach powstania warszawskiego,„Reduta Wawelska” 1944 – The Participation of Roma in the Warsaw Uprising. A Forgotten Story,Alicja Gontarek,"Alicja|Gontarek|Katedra Historii Społecznej i Edukacji, Uniwersytet Marii Curie-Skłodowskiej; Biuro Badań Historycznych, Instytut Pamięci Narodowej|https://orcid.org/0000-0003-1556-1954","Katedra Historii Społecznej i Edukacji, Uniwersytet Marii Curie-Skłodowskiej; Biuro Badań Historycznych, Instytut Pamięci Narodowej",https://orcid.org/0000-0003-1556-1954,"Artykuł omawia jedyną znaną, powojenną relację z powstania warszawskiego 1944 r., która odnosi się do obecności Romów w Reducie Wawelskiej. Została napisana w 1947 r. przez żołnierza Armii Krajowej Władysława Sieroszewskiego, który znalazł się w momencie jego wybuchu w tym miejscu. Reduta Wawelska została ufortyfikowana przez powstańców w dzielnicy Ochota i broniła się przed okupantem niemieckim od 1 do 11 sierpnia 1944 r. W walkach wzięła udział ludność cywilna, w tym czynnie z bronią w ręku Romowie. Romski punkt oporu znajdował się w budynku usytuowanym przy ul. Żwirki i Wigury, w przedwojennym gmachu dowództwa Marynarki Wojennej RP. Choć relacja Sieroszewskiego stanowiła najdokładniejszy i uznawany za bardzo wiarygodny zapis tego, co działo się w Reducie, była także dokumentem, którym polscy i niemieccy sędziowie oraz prokuratorzy posługiwali się jako dowodem w sprawie zbrodni niemieckich na cywilnych mieszkańcach Warszawy podczas pacyfikacji Ochoty, to wątek romski został z historiografii usunięty jako nieistotny i niepasujący do powstającego od lat 70. w PRL obrazu walk AK. Przemilczenie to ma swoje źródło w negatywnych stereotypach wobec Romów i generalnej niechęci społeczeństwa większościowego do zauważania romskiej historii tam, gdzie się ona faktycznie manifestowała.","The article discusses the only known account of the 1944 Warsaw Uprising written after World War II that refers to the presence of Roma in the Wawel Redoubt in Warsaw (Ochota district). It was written in 1947 by Home Army soldier Władysław Sieroszewski, who found himself there on August 1, 1944. Fortified by the insurgents, the Redoubt defended itself against the German occupiers from August 1 to 11, 1944. Civilians took part in the fighting, including Roma who had arrived in the occupied capital before the outbreak of the uprising, actively taking up arms. The Roma resistance point was located in a building on Żwirki i Wigury Street, in the pre-war headquarters of the Polish Navy. Sieroszewski’s account was considered a very reliable record of what happened in the Redoubt. In addition, although it was also a document used as evidence by Polish and German judges and prosecutors in the case against German criminals who committed murders of civilian residents of Warsaw during the pacification of Ochota, the Roma theme was removed from historiography as irrelevant and incompatible with the image of the Home Army’s struggles that had been emerging in the Polish People’s Republic since the 1970s. This omission stems from negative stereotypes about the Roma and the general reluctance of the majority society to acknowledge Roma history where it actually manifested itself.","Cyganie, Generalne Gubernatorstwo, powstanie warszawskie, Reduta Wawelska, Romowie","Gypsies, General Government, Warsaw Uprising, Wawel Redoubt, Roma","Adiunkt w Katedrze Historii Społecznej i Edukacji Instytutu Historii Uniwersytetu Marii Curie-Skłodowskiej w Lublinie. Zajmuje się stosunkami etnicznymi w XX w., ze szczególnym uwzględnieniem historii Romów, Żydów i relacji polsko-żydowskich na ziemiach polskich. Autorka licznych artykułów poświęconych królewskiej rodzinie Kwieków, uczestnik polskich i międzynarodowych projektów/grantów naukowych poświęconych Romom i Żydom w okresie międzywojennym.",137–166,137,166,SROM_18_2025_Gontarek_Reduta_Wawelska_1944.pdf,pl,TODO,TODO,,,,,
SROM-18-2025-006,i82bukhr,10.68100/i82bukhr,https://studiaromologica.pl/articles/10.68100/i82bukhr/,https://studiaromologica.pl/wp-content/uploads/archive/18-2025/SROM_18_2025_Marushiakova_Popov_Dom_Garaczi_Azerbejdzan.pdf,Studia Romologica,1689-4758,18,2025,SROM·18·2025,Romski Atlantyk,Komitet Opieki nad Zabytkami Kultury Żydowskiej w Tarnowie,2025-12-TODO,II,Część II,6,Społeczność Dom/Garaczi w Azerbejdżanie na tle Bliskiego Wschodu i Afryki Północnej a kwestia stosowania pojęcia „Romowie”,Dom/Garachi in Azerbaijan among the Dom Communities in the Middle East and North Africa,"Elena Marushiakova, Vesselin Popov","Elena|Marushiakova|Bułgarska Akademia Nauk; International Research Centre „Work and Human Lifecycle in Global History”, Humboldt-Universität zu Berlin|https://orcid.org/0000-0001-5333-2330 ;; Vesselin|Popov|Bułgarska Akademia Nauk|https://orcid.org/0000-0002-6565-8730","Bułgarska Akademia Nauk; E. Marushiakova obecnie: International Research Centre „Work and Human Lifecycle in Global History”, Humboldt-Universität zu Berlin",Marushiakova: https://orcid.org/0000-0001-5333-2330; Popov: https://orcid.org/0000-0002-6565-8730,"Państwa Kaukazu Południowego wraz z Turcją stanowią jedyny region na świecie, gdzie współistnieją (bądź do niedawna współistniały) w bliskim sąsiedztwie wszystkie trzy główne odłamy niejednorodnej społeczności historycznie określanej mianem „Cyganów” – Domowie, Lomowie i Romowie. Na terenie Azerbejdżanu funkcjonują obecnie dwie odrębne grupy Domów: irańscy oraz kurdyjscy. Choć obie uznają wspólną, nadrzędną tożsamość, w życiu codziennym zachowują wyraźną odrębność. Niniejszy artykuł przedstawia wyniki dwóch badań terenowych przeprowadzonych w Azerbejdżanie, które pozwoliły na wstępne rozpoznanie rozmieszczenia terytorialnego, trybu życia, statusu społeczno-ekonomicznego oraz złożonych struktur tożsamościowych obu tych społeczności, jak również ich interakcji z populacjami Romów i Lomów. Przykład azerbejdżański osadzono w szerszych ramach historycznych i politycznych, co przyczynia się do bardziej wnikliwego zrozumienia sytuacji społeczności Domów na obszarze Bliskiego Wschodu i Afryki Północnej.","The countries of the South Caucasus (Azerbaijan, Armenia, and Georgia), along with Turkey, represent the only region in the world where all three main subdivisions of the heterogeneous community historically referred to as “Gypsies” — Dom, Lom, and Roma — have coexisted (or, until recently, coexisted) in close proximity. In Azerbaijan, two distinct Dom communities are currently present: Iranian Dom and Kurdish Dom. While both acknowledge a shared overarching identity, they maintain clear distinctions in their everyday lives. This article presents findings from two field research studies conducted in Azerbaijan, through which a preliminary understanding was developed regarding the territorial distribution, lifestyles, socio- economic status, and complex identity structures of these two Dom communities, as well as their interactions with the Roma and Lom populations. The Azerbaijani case is further contextualised within broader historical and political frameworks, contributing to a more nuanced understanding of the position of Dom communities across the Middle East and North Africa.","Domowie, Lomowie, Romowie, Azerbejdżan, Kaukaz Południowy, Bliski Wschód, Afryka Północna, tożsamości","Dom, Lom, Roma, Azerbaijan, South Caucasus, Middle East, North Africa, identities","Autorzy licznych publikacji o Romach w Bułgarii, na Bałkanach i w Europie Środkowej. Opracowali pierwszą monografię historii i kultury Romów w Bułgarii (1997), książkę o Romach w Imperium Otomańskim (2000), zainicjowali serię na temat romskiego folkloru (Studii Romani, 1994–1998). Utworzyli Minority Studies Society i Roma Heritage Museum Fund przy Narodowym Muzeum Etnograficznym w Sofii (1995)... Są pracownikami Bułgarskiej Akademii Nauk. Dr Elena Marushiakova jest obecnie zatrudniona jako visiting researcher w International Research Centre „Work and Human Lifecycle in Global History” na Humboldt University w Berlinie...",167–196,167,196,SROM_18_2025_Marushiakova_Popov_Dom_Garaczi_Azerbejdzan.pdf,pl,TODO,TODO,,,,,
SROM-18-2025-007,mnffsrer,10.68100/mnffsrer,https://studiaromologica.pl/articles/10.68100/mnffsrer/,https://studiaromologica.pl/wp-content/uploads/archive/18-2025/SROM_18_2025_Wesolkin_Sanocka_Roma.pdf,Studia Romologica,1689-4758,18,2025,SROM·18·2025,Romski Atlantyk,Komitet Opieki nad Zabytkami Kultury Żydowskiej w Tarnowie,2025-12-TODO,II,Część II,7,Sanocka Roma. Cyganie górscy na pograniczu Karpat Wschodnich i Zachodnich,Sanocka Roma. Mountain Gypsies on the border of the Eastern and Western Carpathians,Wojciech Marian Wesołkin,"Wojciech Marian|Wesołkin|[bez afiliacji akademickiej — ekonomista, regionalista, przewodnik turystyczny]|","[bez afiliacji akademickiej — ekonomista, regionalista, przewodnik turystyczny]",,"Celem artykułu jest wskazanie źródeł świadczących o ponad sześciowiekowej obecności ludności cygańskiej na obszarze Sanocczyzny w różnych okresach jej dziejów, wskazanie na problem dolegliwości wywoływany ich pobytem, ale i roli jaką pełnili Cyganie wśród wieloetnicznego otoczenia pogranicza karpackiego w aspekcie ekonomicznym i kulturowym. Zasygnalizowano również powody opuszczenie gór i poszukiwania przestrzeni życiowej w otoczeniu górali ruskich wysiedlonych na sowiecką Ukrainę i na tzw. Ziemie Odzyskane.","The purpose of the article is to indicate the sources proving the over six-century presence of the Gypsy population in the Sanok region in various periods of its history, to indicate the problem of ailments caused by their stay, but also the role played by the Gypsies among the multi-ethnic environment of the Carpathian borderland in the economic and cultural aspect. The reasons for leaving the mountains and looking for living space amongst Ruthenian highlanders displaced to Soviet Ukraine and the so-called Recovered Territories were also signaled.","Cyganie, górale ruscy, Karpaty, Ziemia Sanocka","Carpathians, Gypsies, Ruthenian highlanders, Sanok Land","Ekonomista, regionalista, przewodnik turystyczny - górski I klasy na obszar całych Beskidów, instruktor przewodnictwa. Organizator i uczestnik wypraw w Karpaty, Alpy, góry Armenii, Bałkanów, Gruzji, Pakistanu, Peru i tureckiej części Kurdystanu. Autor prac popularnonaukowych o historycznej Ziemi Sanockiej... Od wielu lat pracuje w stowarzyszeniach i instytucjach działających na rzecz rozwoju krajoznawstwa i gospodarki turystycznej w południowo-wschodniej Polsce. Jest członkiem PTTK, Towarzystwa Karpackiego i Towarzystwa Opieki nad Zabytkami...",197–222,197,222,SROM_18_2025_Wesolkin_Sanocka_Roma.pdf,pl,TODO,TODO,,,,,
SROM-18-2025-008,m9h8ri8n,10.68100/m9h8ri8n,https://studiaromologica.pl/articles/10.68100/m9h8ri8n/,https://studiaromologica.pl/wp-content/uploads/archive/18-2025/SROM_18_2025_Bylica_De_gettoizacja_spolecznosci_romskich.pdf,Studia Romologica,1689-4758,18,2025,SROM·18·2025,Romski Atlantyk,Komitet Opieki nad Zabytkami Kultury Żydowskiej w Tarnowie,2025-12-TODO,II,Część II,8,De/gettoizacja społeczności romskich oraz jej społeczne i kulturowe konsekwencje,De/ghettoisation of Roma Communities and its Social and Cultural Consequences,Jacek Bylica,"Jacek|Bylica|Zakład Profilaktyki Społecznej i Resocjalizacji, Uniwersytet Jagielloński|https://orcid.org/0000-0003-4680-0233","Zakład Profilaktyki Społecznej i Resocjalizacji, Uniwersytet Jagielloński",https://orcid.org/0000-0003-4680-0233,"Po przeprowadzonym w latach 60. XX w. w Polsce przymusowym osiedleniu, Romowie najczęściej tworzyli skupiska w miastach bądź miasteczkach (nierzadko w ich centrach) lub na obrzeżach wsi. Jakkolwiek pozwalało to Romom – przynajmniej w podstawowym stopniu – kultywować ich tradycje, skutkowało też kontynuacją izolacji i wykluczenia społecznego, podobnie jak w wielu krajach europejskich. Ta swoista gettoizacja była wyrazem niepisanej ugody obydwu stron, a zatem społeczeństwa większościowego i społeczności romskich. Na początku XXI wieku w niektórych społecznościach lokalnych obserwujemy proces degettoizacji skupisk romskich, będący odpowiedzią na negatywne konsekwencje „życia w getcie”. W Polsce przykładami mogą być społeczności lokalne Andrychowa, Nowego Sącza, Mielca czy Limanowej. Istotne staje się oszacowanie konsekwencji społeczno-kulturowych tego procesu, ze szczególnym uwzględnieniem potencjalnej polaryzacji występującej na linii integracja społeczna – asymilacja kulturowa.","After their forced settlement in Poland in the 1960s, the Roma most often formed clusters located in the cities and towns (often in their centers) or on the outskirts of villages. This, on the one hand, allowed the Roma – at least to a basic degree – to cultivate their traditions, while on the other, resulted in the continuation of isolation and social exclusion. This was similar to many European countries. Such ghettoization of sorts was an expression of an unwritten agreement of both sides, i.e. the majority society and the Roma communities. At the start of the 21st century, some local communities have begun to experience the deghettoisation of Roma neighbourhoods – a response to the negative consequences effects of „ghetto living”. In Poland, this can be seen in places such as Andrychów, Nowy Sącz, Mielec and Limanowa. Assessing the socio-cultural consequences of this shift is becoming increasingly important, particularly with regard to the potential tensions between social integration and cultural assimilation.","asymilacja, degettoizacja, integracja społeczna, transkulturowość","assimilation, deghettoization, social integration, transculturality",Pracuje na stanowisku adiunkta w Zakładzie Profilaktyki Społecznej i Resocjalizacji Instytutu Pedagogiki Uniwersytetu Jagiellońskiego w Krakowie. W kadencji 2024–2028 pełni funkcję dyrektora Instytutu Pedagogiki UJ. W latach 2003–2009 był Pełnomocnikiem Burmistrza.,223–234,223,234,SROM_18_2025_Bylica_De_gettoizacja_spolecznosci_romskich.pdf,pl,TODO,TODO,,,,,
SROM-18-2025-009,8ua5x44q,10.68100/8ua5x44q,https://studiaromologica.pl/articles/10.68100/8ua5x44q/,https://studiaromologica.pl/wp-content/uploads/archive/18-2025/SROM_18_2025_Bartosz_VII_Konferencja_Taborowa.pdf,Studia Romologica,1689-4758,18,2025,SROM·18·2025,Romski Atlantyk,Komitet Opieki nad Zabytkami Kultury Żydowskiej w Tarnowie,2025-12-TODO,III,Część III,9,"VII Konferencja Taborowa, Tarnów, 3–5 października 2025","7th Gypsy Camp Conference, Tarnów 3-5 October 2025",Adam Bartosz,Adam|Bartosz|Muzeum Okręgowe w Tarnowie (Muzeum Ziemi Tarnowskiej)|https://orcid.org/0009-0000-1207-761X,Muzeum Okręgowe w Tarnowie (Muzeum Ziemi Tarnowskiej),https://orcid.org/0009-0000-1207-761X,,,,,"Antropolog, muzeolog, wieloletni dyrektor Muzeum Okręgowego w Tarnowie, twórca pierwszej na świecie stałej wystawy poświęconej historii i kulturze Romów w Muzeum Etnograficznym w Tarnowie. Autor publikacji cyganologicznych, projektów związanych z kulturą romską i żydowską.",235–258,235,258,SROM_18_2025_Bartosz_VII_Konferencja_Taborowa.pdf,pl,TODO,TODO,,,,,
SROM-18-2025-010,1omckhhp,10.68100/1omckhhp,https://studiaromologica.pl/articles/10.68100/1omckhhp/,https://studiaromologica.pl/wp-content/uploads/archive/18-2025/SROM_18_2025_Gontarek_Krwawe_Lzy_Papusza.pdf,Studia Romologica,1689-4758,18,2025,SROM·18·2025,Romski Atlantyk,Komitet Opieki nad Zabytkami Kultury Żydowskiej w Tarnowie,2025-12-TODO,IV,Część IV,10,Krwawe łzy. Odkrywanie Papuszy na nowo,Tears of Blood. Discovering Papusza Anew,Alicja Gontarek,"Alicja|Gontarek|Katedra Historii Społecznej i Edukacji, Uniwersytet Marii Curie-Skłodowskiej; Biuro Badań Historycznych, Instytut Pamięci Narodowej|https://orcid.org/0000-0003-1556-1954","Katedra Historii Społecznej i Edukacji, Uniwersytet Marii Curie-Skłodowskiej; Biuro Badań Historycznych, Instytut Pamięci Narodowej",https://orcid.org/0000-0003-1556-1954,,,,,"Adiunkt w Katedrze Historii Społecznej i Edukacji Instytutu Historii Uniwersytetu Marii Curie-Skłodowskiej w Lublinie. Zajmuje się stosunkami etnicznymi w XX w., ze szczególnym uwzględnieniem historii Romów, Żydów i relacji polsko-żydowskich na ziemiach polskich.",259–264,259,264,SROM_18_2025_Gontarek_Krwawe_Lzy_Papusza.pdf,pl,TODO,TODO,,,,,
SROM-18-2025-011,km49htne,10.68100/km49htne,https://studiaromologica.pl/articles/10.68100/km49htne/,https://studiaromologica.pl/wp-content/uploads/archive/18-2025/SROM_18_2025_Kledzik_Mikrohistoria_Historia_Rodzinna.pdf,Studia Romologica,1689-4758,18,2025,SROM·18·2025,Romski Atlantyk,Komitet Opieki nad Zabytkami Kultury Żydowskiej w Tarnowie,2025-12-TODO,IV,Część IV,11,Mikrohistoria i historia rodzinna jako alternatywa wobec tradycyjnego pisania historii Romów,Microhistory and family history as an alternative to the traditional writing of Romani history,Emilia Kledzik,"Emilia|Kledzik|Wydział Filologii Polskiej i Klasycznej, Uniwersytet im. Adama Mickiewicza w Poznaniu|https://orcid.org/0000-0003-1432-4017","Wydział Filologii Polskiej i Klasycznej, Uniwersytet im. Adama Mickiewicza w Poznaniu",https://orcid.org/0000-0003-1432-4017,,,,,Kierowniczka Pracowni Komparatystyki Literackiej i Kulturowej na Wydziale Filologii Polskiej i Klasycznej Uniwersytetu im. Adama Mickiewicza w Poznaniu. Autorka monografii Perspektywa poety. Cyganologia Jerzego Ficowskiego (Poznań 2023). Redaktorka naczelna czasopisma komparatystycznego „Porównania”.,265–278,265,278,SROM_18_2025_Kledzik_Mikrohistoria_Historia_Rodzinna.pdf,pl,TODO,TODO,,,,,
SROM-18-2025-012,bpnwhrhx,10.68100/bpnwhrhx,https://studiaromologica.pl/articles/10.68100/bpnwhrhx/,https://studiaromologica.pl/wp-content/uploads/archive/18-2025/SROM_18_2025_Paszko_Liscie_Opadly.pdf,Studia Romologica,1689-4758,18,2025,SROM·18·2025,Romski Atlantyk,Komitet Opieki nad Zabytkami Kultury Żydowskiej w Tarnowie,2025-12-TODO,IV,Część IV,12,Liście opadły. Między fotografią a mitem,The Leaves Have Fallen. Between photography and myth,Artur Paszko,Artur|Paszko|Uniwersytet Pedagogiczny w Krakowie; Uniwersytet Ekonomiczny w Krakowie|https://orcid.org/0009-0008-9902-0701,Uniwersytet Pedagogiczny w Krakowie; Uniwersytet Ekonomiczny w Krakowie,https://orcid.org/0009-0008-9902-0701,,,,,Związany m.in. z Uniwersytetem Pedagogicznym w Krakowie oraz Uniwersytetem Ekonomicznym w Krakowie. W latach 2001–2003 Pełnomocnik Wojewody Małopolskiego ds. Mniejszości Narodowych i Etnicznych. Autor i współautor kilku monografii oraz kilkudziesięciu artykułów naukowych.,279–284,279,284,SROM_18_2025_Paszko_Liscie_Opadly.pdf,pl,TODO,TODO,,,,,
SROM-18-2025-013,7il5kcel,10.68100/7il5kcel,https://studiaromologica.pl/articles/10.68100/7il5kcel/,https://studiaromologica.pl/wp-content/uploads/archive/18-2025/SROM_18_2025_Bartosz_Wspomnienie_Hubschmannovej.pdf,Studia Romologica,1689-4758,18,2025,SROM·18·2025,Romski Atlantyk,Komitet Opieki nad Zabytkami Kultury Żydowskiej w Tarnowie,2025-12-TODO,IV,Część IV,13,Wspomnienie Mileny Hübschmannovej,Remembering Milena Hübschmannova,Adam Bartosz,Adam|Bartosz|Muzeum Okręgowe w Tarnowie (Muzeum Ziemi Tarnowskiej)|https://orcid.org/0009-0000-1207-761X,Muzeum Okręgowe w Tarnowie (Muzeum Ziemi Tarnowskiej),https://orcid.org/0009-0000-1207-761X,,,,,"Antropolog, muzeolog, wieloletni dyrektor Muzeum Okręgowego w Tarnowie, twórca pierwszej na świecie stałej wystawy poświęconej historii i kulturze Romów w Muzeum Etnograficznym w Tarnowie.",285–292,285,292,SROM_18_2025_Bartosz_Wspomnienie_Hubschmannovej.pdf,pl,TODO,TODO,,,,,
SROM-18-2025-014,2v2mvzge,10.68100/2v2mvzge,https://studiaromologica.pl/articles/10.68100/2v2mvzge/,https://studiaromologica.pl/wp-content/uploads/archive/18-2025/SROM_18_2025_Bartosz_Dragoljub_Ackovic.pdf,Studia Romologica,1689-4758,18,2025,SROM·18·2025,Romski Atlantyk,Komitet Opieki nad Zabytkami Kultury Żydowskiej w Tarnowie,2025-12-TODO,IV,Część IV,14,Dragoljub Acković (1952–2025),Dragoljub Acković (1952–2025),Adam Bartosz,Adam|Bartosz|Muzeum Okręgowe w Tarnowie (Muzeum Ziemi Tarnowskiej)|https://orcid.org/0009-0000-1207-761X,Muzeum Okręgowe w Tarnowie (Muzeum Ziemi Tarnowskiej),https://orcid.org/0009-0000-1207-761X,,,,,"Antropolog, muzeolog, wieloletni dyrektor Muzeum Okręgowego w Tarnowie, twórca pierwszej na świecie stałej wystawy poświęconej historii i kulturze Romów w Muzeum Etnograficznym w Tarnowie.",293–296,293,296,SROM_18_2025_Bartosz_Dragoljub_Ackovic.pdf,pl,TODO,TODO,,,,,
SROM-18-2025-015,1il9b8ma,10.68100/1il9b8ma,https://studiaromologica.pl/articles/10.68100/1il9b8ma/,https://studiaromologica.pl/wp-content/uploads/archive/18-2025/SROM_18_2025_Gancarz_Janowiak-Janik_Wydawnictwa_Romskie.pdf,Studia Romologica,1689-4758,18,2025,SROM·18·2025,Romski Atlantyk,Komitet Opieki nad Zabytkami Kultury Żydowskiej w Tarnowie,2025-12-TODO,IV,Część IV,15,Wydawnictwa o tematyce romskiej,Publications on Roma subjects,"Natalia Gancarz, Monika Janowiak-Janik",Natalia|Gancarz|Muzeum Okręgowe w Tarnowie (Muzeum Ziemi Tarnowskiej)|https://orcid.org/0009-0008-9717-0677 ;; Monika|Janowiak-Janik|Instytut Kulturoznawstwa Uniwersytetu Wrocławskiego|https://orcid.org/0000-0002-5852-0733,Muzeum Okręgowe w Tarnowie (Muzeum Ziemi Tarnowskiej); Instytut Kulturoznawstwa Uniwersytetu Wrocławskiego,Gancarz: https://orcid.org/0009-0008-9717-0677; Janowiak-Janik: https://orcid.org/0000-0002-5852-0733,,,,,"Natalia Gancarz – etnolog, zajmuje się m.in. tematyką upamiętniania zagłady Romów w czasie II wojny światowej. Monika Janowiak-Janik – etnomuzykolog, pracuje w Instytucie Kulturoznawstwa Uniwersytetu Wrocławskiego, zajmuje się kulturą muzyczną Cyganów Karpackich w Polsce.",297–300,297,300,SROM_18_2025_Gancarz_Janowiak-Janik_Wydawnictwa_Romskie.pdf,pl,TODO,TODO,,,,,
