key	field	value	evidence
matache2026	publisher-place	?	no matching LoC record
savic2022	publisher-place	?	no matching LoC record
bogdal2023	publisher-place	?	no matching LoC record
ndiaye2022b	publisher-place	Philadelphia	LCCN 2022000555: a=Philadelphia : b=University of Pennsylvania Press, c=[2022]
molina2019	publisher-place	Oakland	LCCN 2018051806: a=Oakland, California : b=University of California Press, c=[2019]
herzog2012	publisher-place	Zürich	LCCN 2015300781: a=Zürich ; a=Berlin : b=Lit, c=©2012.
cressy2018	publisher-place	Oxford	LCCN 2017952087: a=Oxford, United Kingdom : b=Oxford University Press, c=2018.
matthews2018	publisher-place	?	no matching LoC record
houghtonwalker2014	publisher-place	Oxford	LCCN 2014939130: a=Oxford, United Kingdom ; a=New York, NY : b=Oxford University Press, c=2014.
nord2006	publisher-place	New York	LCCN 2005034050: a=New York : b=Columbia University Press, c=c2006.
charnondeutsch2004	publisher-place	University Park	LCCN 2003010254: a=University Park : b=Pennsylvania State University Press, c=c2004.
flint2009	publisher-place	Princeton	LCCN 2020759233: a=Princeton, N.J. : b=Princeton University Press, c=2008. || LCCN 2008030164: a=Princeton, N.J. : b=Princeton University Press, c=2008.
smith2000	publisher-place	Oxford	LCCN 99059096: a=Oxford ; a=New York : b=Oxford University, c=2000.
deloria1998	publisher-place	New Haven	LCCN 97030936: a=New Haven : b=Yale University Press, c=c1998.
delafuente2020	publisher-place	Cambridge	LCCN 2019018404: a=Cambridge, United Kingdom ; a=New York, NY : b=Cambridge University Press, c=2020.
hogarth2017	publisher-place	Chapel Hill	LCCN 2017011938: a=Chapel Hill : b=The University of North Carolina Press, c=[2017]
kendi2016	publisher-place	New York	LCCN 2015033671: a=New York : b=Nation Books, c=[2016]
weinstein1960	publisher-place	Minneapolis	LCCN 60014289: a=Minneapolis, b=University of Minnesota Press c=[1960]
memoircabot1831	publisher	Carey and Lea	LCCN 06036141: a=Philadelphia : b=Carey and Lea, c=1831.
columbus1893	publisher	Printed for the Hakluyt Society	LCCN 02007950: a=London : b=Printed for the Hakluyt Society, c=1893.
mangas2024	publisher-place	?	no matching LoC record
beretario1617	publisher-place	Coloniae Agrippinae	LCCN 37012502: a=Coloniae Agrippinae, b=Apud I. Kinchivm, c=M.DC.XVII.
elvas1932	publisher-place	DeLand	LCCN 33005239: a=DeLand : b=The Florida State Historical Society, c=1932-1933.
martinezserna2009	publisher-place	Cambridge	LCCN 2008053246: a=Cambridge, Mass. : b=Harvard University Press, c=2009.
schmidl1938	publisher-place	Sante Fe	LCCN 40034323: a=Sante Fe, b=Instituto Social, Universidad Nacional del Litoral, c=1938.
actas1915	publisher-place	?	no matching LoC record
monteiro2018	publisher-place	?	no matching LoC record
herzog2003	publisher-place	New Haven	LCCN 2002011548: a=New Haven : b=Yale University Press, c=c2003.
gomezalfaro1999	publisher-place	?	no matching LoC record
gomezalfaro1993	publisher-place	?	no matching LoC record
oreilly2003	publisher-place	Pisa	LCCN 2004430927: a=Pisa : b=PLUS, Università di Pisa, c=c2003.
pym2007	publisher-place	Basingstoke	LCCN 2006051019: a=Basingstoke [England] ; a=New York : b=Palgrave Macmillan, c=2007.
paucke1959	publisher-place	?	no matching LoC record
radding1997	publisher-place	Durham	LCCN 96035147: a=Durham : b=Duke University Press, c=1997.
poisson1900	publisher	CONFLICT: Burrows / Burrows Bros. Co	LCCN archive.org cihm_07601: Cleveland : Burrows || LCCN archive.org cihm_07598: Cleveland : Burrows || LCCN archive.org jesuitrelationsa0070jesu: Cleveland : Burrows Bros. Co.
berquinduvallon1803	publisher	De l'Imprimerie expéditive	LCCN 01008750: a=Paris : b=De l'Imprimerie expéditive ..., c=l'an XI de la République, et IV du gouvernement consulaire, 1803.
stoler2002	publisher-place	Berkeley	LCCN 2002005540: a=Berkeley : b=University of California Press, c=c2002. || LCCN 2021696237: a=Berkeley : b=University of California Press, c=c2002.
milfort1802	publisher	De l'Imprimerie de Giguet et Michaud	LCCN 06020497: a=Paris : b=De l'Imprimerie de Giguet et Michaud, c=1802.
relation1622	publisher-place	?	no matching LoC record
mourt1865	publisher	?	no matching LoC record
penn1912	publisher	C. Scribner's Sons	LCCN 12004611: a=New York, b=C. Scribner's Sons, c=1912.
cunniffe2023	publisher-place	?	no matching LoC record
loskiel1789	publisher-place	Barby	LCCN 19002213: a=Barby, b=Zu finden in den Brüdergemeinen, a=Leipzig b=P.G. Kummer, c=1789.
muhlenberg1945	publisher-place	?	no matching LoC record
block2021	publisher-place	?	no matching LoC record
tucker1803	publisher	?	no matching LoC record
scott1815	publisher	Printed by J. Ballantyne and co. for Longman, Hurst, Rees, Orme, and Brown, London etc	LCCN 42035941: a=Edinburgh, b=Printed by J. Ballantyne and co. for Longman, Hurst, Rees, Orme, and Brown, London [etc.] c=1815.
hofland1830	publisher	?	no matching LoC record
trumpener1997	publisher-place	Princeton	LCCN 2020759381: a=Princeton, N.J. : b=Princeton University Press, c=c1997. || LCCN 96039166: a=Princeton, N.J. : b=Princeton University Press, c=c1997.
clinton1849	publisher	Baker and Scribner	LCCN 07019566: a=New York, b=Baker and Scribner, c=1849.
pratt1992	publisher-place	London	LCCN 91021435: a=London ; a=New York : b=Routledge, c=1992.
morgan2004	publisher-place	Philadelphia	LCCN 2003066597: a=Philadelphia : b=University of Pennsylvania Press, c=c2004.
lambert1813	publisher	Printed for C. Cradock and W. Joy	LCCN 02000843: a=London, b=Printed for C. Cradock and W. Joy; a=Edinburgh, b=Doig and Stirling [etc.] c=1813.
vowell1831	publisher	?	no matching LoC record
vigne1833	publisher	Published by Thomas T. Ash	LCCN 01028360: a=Philadelphia, b=Published by Thomas T. Ash, c=1833.
robinson2021	publisher-place	Cambridge	LCCN 2021028584: a=Cambridge, United Kingdom : b=Cambridge University Press, c=2021. || LCCN 2021028583: a=Cambridge, United Kingdom : b=Cambridge University Press, c=2021.
